"id","Edad","GENERO","NUMERO_HIJOS","PROFESION","SERVICIO","TIEMPO_PROPIETARIO","KILOMETRAJE_INSTALACION","Edad Licencia","RELACION_ASEGURADO","CILINDRAJE","CIUDAD","Min(Recorrido (Km))","Min(Frenadas (Uni))","Min(Arrancadas (Uni))","Min(Aceleraciones (Uni))","Min(Exceso Velocidad (Min))","Min(Maxima Velocidad (Km/h))","Min(Tiempo Uso (Min))","Min(Uso Zona (Min))","Min(Fuera Zona (Min))","Min(Colision)","Max(Recorrido (Km))","Max(Frenadas (Uni))","Max(Arrancadas (Uni))","Max(Aceleraciones (Uni))","Max(Exceso Velocidad (Min))","Max(Maxima Velocidad (Km/h))","Max(Tiempo Uso (Min))","Max(Uso Zona (Min))","Max(Fuera Zona (Min))","Max(Colision)","Mean(Recorrido (Km))","Mean(Frenadas (Uni))","Mean(Arrancadas (Uni))","Mean(Aceleraciones (Uni))","Mean(Exceso Velocidad (Min))","Mean(Maxima Velocidad (Km/h))","Mean(Tiempo Uso (Min))","Mean(Uso Zona (Min))","Mean(Fuera Zona (Min))","Mean(Colision)","CLASE","MODELO","SINIESTROS_2016","SINIESTROS_2017","SINIESTROS_2018"
"43665400",72.38,1,4,12,0,5,"0",55.18,1,2300,1,1,0,0,0,0,0,15,15,0,0,5,1,3,0,0,0,28,28,0,0,3,0.2,0.6,0,0,0,21.2,21.2,0,0,0,1987,0,0,0
"60342217",35.93,1,0,21,0,7,"0",9.15,1,1300,1,1,0,0,0,0,0,4,0,4,0,59,2,0,10,1,99.9,60,0,60,0,9.36,0.08,0,1.08,0.02,1.94,28.09,0,28.09,0,0,1992,0,0,0
"16205257",81.04,0,3,15,0,10,"0",61.55,1,1800,1,1,0,0,0,0,0,3,0,0,0,31,8,3,12,0,0,58,40,58,0,4.8,0.4,0.02,0.59,0,0,21.01,7.66,13.36,0,0,1998,0,0,0
"42188664",38.46,0,0,13,1,5,"0",11.1,2,2500,1,0,0,0,0,0,0,0,0,0,0,57,6,1,0,15,129.5,59,59,57,1,7.53,0.17,0.01,0,0.2,9.17,22.65,21.31,1.34,0.01,0,2003,0,0,0
"93966068",70.3,1,0,4,0,6,"0",37.19,1,2000,1,1,0,0,0,0,0,4,0,0,0,74,29,1,13,28,114.7,60,59,60,0,5.96,2.71,0,1.03,0.13,1.75,22.62,7.47,15.15,0,0,2003,0,0,0
"45047436",40.54,1,1,10,0,4,"0",10.17,1,1800,1,1,0,0,0,0,0,4,0,0,0,67,7,2,0,5,129.5,57,57,56,0,9.62,0.12,0.03,0,0.09,7.76,26.65,22.89,3.77,0,0,2005,0,0,2
"67982293",45.75,1,3,10,0,2,"0",24.4,1,1600,1,1,0,0,0,0,0,5,0,0,0,55,2,0,15,11,125.8,60,45,60,0,13.15,0.15,0,2.22,0.98,19.97,27.24,15.39,11.85,0,2,2004,0,0,0
"1435441",54.08,0,2,15,0,3,"0",33.24,1,1300,1,1,0,0,0,0,0,5,0,0,0,68,11,1,31,25,123.95,60,55,60,0,7.09,0.35,0.02,1.49,0.28,3.84,23.51,2.04,21.48,0,0,2005,0,0,0
"60464010",57.96,1,2,0,0,1,"0",14,1,1300,1,1,0,0,0,0,0,4,0,4,0,17,0,1,6,0,0,60,0,60,0,6.18,0,0.09,1.55,0,0,26.45,0,26.45,0,0,2005,1,0,0
"64243092",53.11,0,2,3,0,3,"0",13.66,1,1600,1,1,0,0,0,0,0,4,0,0,0,73,6,4,8,28,118.4,60,41,60,0,13.13,0.09,0.03,1.25,0.87,8.68,29.93,1.96,27.97,0,0,2006,0,0,0
"46777675",28.16,1,1,8,0,0,"0",6.22,2,2000,1,1,0,0,0,0,0,56,0,0,0,53,255,0,2,15,112.85,60,60,59,0,9.35,134.71,0,0.06,0.76,6.59,58.52,53.05,5.47,0,0,2006,0,0,0
"97133066",31.47,1,0,7,1,0,"0",13.66,1,2500,1,1,0,0,0,0,0,4,0,0,0,42,21,1,16,51,129.5,60,56,60,0,5.42,0.43,0.01,1.95,0.82,4.27,22.25,7.1,15.15,0,0,2006,0,0,0
"50893590",59.48,1,3,10,0,3,"0",35.08,1,1800,1,1,0,0,0,0,0,57,0,57,0,24,2,0,10,2,96.2,60,0,60,0,7.44,0.04,0,1.18,0.05,4.31,59.46,0,59.46,0,0,2006,0,0,0
"21602789",49.03,1,1,3,0,1,"0",22.42,1,1600,1,1,0,0,0,0,0,6,0,0,0,61,4,2,7,1,101.75,60,9,60,0,5.84,0.03,0.05,0.6,0.01,0.67,24.92,0.02,24.9,0,0,2007,0,0,0
"47445012",32.71,1,0,12,0,2,"0",6.73,1,3600,1,1,0,0,0,0,0,5,0,5,0,62,58,88,13,56,125.8,60,0,60,1,7.21,0.65,7.26,1.77,1.5,11.91,21.89,0,21.89,0,0,2007,0,0,0
"76329822",60.87,1,2,10,0,2,"0",5.42,1,3600,1,1,0,0,0,0,0,5,0,5,0,18,0,0,4,0,0,46,0,46,0,5.56,0,0,0.74,0,0,19.44,0,19.44,0,0,2007,0,0,0
"76948347",58.71,0,2,4,0,1,"0",17.16,1,1800,1,0,0,0,0,0,0,0,0,0,0,79,10,1,0,28,129.5,57,56,57,1,8.22,0.17,0,0,0.2,4.78,22.71,17.75,4.96,0,0,2007,0,1,0
"70590422",28.36,0,0,6,0,1,"0",6.73,1,1800,1,0,0,0,0,0,0,0,0,0,0,38,7,15,6,7,123.95,59,59,48,2,7.1,0.37,2.62,0.14,0.05,2.01,21.77,21.49,0.28,0.01,0,1998,0,0,0
"63673174",39.65,1,1,10,0,2,"0",8.33,1,3000,1,1,0,0,0,0,0,5,0,0,0,72,76,16,7,22,120.25,60,33,60,0,9.09,2.08,2.51,0.73,0.61,5.24,26.67,1.13,25.53,0,0,2005,1,0,0
"14504531",46.93,0,1,7,0,1,"0",15.13,1,1600,1,1,0,0,0,0,0,3,0,0,0,27,22,43,22,5,107.3,59,23,59,1,3.8,1.59,7.36,2.3,0.03,1.87,18.79,0.44,18.35,0,0,2008,0,0,0
"44464077",54.73,0,2,5,0,1,"0",37.26,1,1800,1,0,0,0,0,0,0,0,0,0,0,57,58,33,13,18,116.55,60,58,60,1,6.95,4,3.95,1.37,0.28,8.02,23.33,2.83,20.51,0.01,0,2007,0,0,0
"32789987",48.92,1,3,3,0,1,"0",38.24,1,3500,1,1,0,0,0,0,0,6,0,0,0,55,0,0,7,2,94.35,60,60,60,0,11.03,0,0,1.03,0.02,0.93,28.82,18.38,10.45,0,2,2008,0,0,0
"6444090",47.99,0,3,7,1,0,"0",21.56,1,1600,1,1,0,0,0,0,0,2,0,0,0,66,28,9,8,17,112.85,60,44,60,1,11.64,0.79,0.67,0.82,0.18,6.13,26.5,1.17,25.33,0,0,2008,0,0,0
"70168171",36.33,1,2,10,0,1,"0",10.97,1,2000,1,0,0,0,0,0,0,0,0,0,0,76,18,7,26,34,129.5,59,37,59,2,4.38,0.39,0.28,0.55,0.35,7.11,13.23,0.27,12.96,0,0,2008,0,0,0
"14754071",58.52,0,1,7,0,0,"0",12.41,1,1600,1,1,0,0,0,0,0,3,0,0,0,60,5,1,5,11,101.75,60,60,57,1,10.64,0.14,0.01,0.07,0.06,2.61,29.4,26.58,2.82,0,0,2009,0,0,0
"50661466",39.55,1,0,7,0,0,"0",13.81,1,2500,1,1,0,0,0,0,0,4,0,0,0,74,52,1,15,21,129.5,60,57,60,0,8.92,1.76,0.01,1.67,0.51,19.27,25.33,5.79,19.54,0,0,2008,0,0,0
"9737571",68.16,1,3,10,0,0,"0",39.16,1,1600,1,1,0,0,0,0,0,2,0,0,0,65,6,2,18,20,127.65,60,37,60,0,10.13,0.09,0.01,2.65,0.91,20.14,26.9,0.3,26.6,0,0,2009,0,0,0
"821821",35.88,0,0,1,0,0,"0",15.15,1,2000,1,1,0,0,0,0,0,4,0,4,0,14,1,0,0,1,94.35,33,0,33,0,4.83,0.33,0,0,0.17,15.73,13,0,13,0,0,2009,0,0,0
"33788409",63.47,0,2,23,0,0,"0",37.08,4,2000,1,1,0,0,0,0,0,3,0,0,0,62,33,1,17,31,127.65,60,57,60,0,7.47,0.15,0.01,0.64,0.78,15.65,20.25,10.31,9.94,0,0,2009,0,0,0
"81231561",32.33,0,0,23,0,0,"0",13.14,1,2500,1,1,0,0,0,0,0,4,0,0,0,37,3,0,2,8,109.15,53,28,53,0,15.94,1.06,0,0.12,1.06,29.38,26.88,4.41,22.47,0,2,2009,0,0,0
"36545358",28.99,1,0,10,0,0,"0",9.09,1,1600,1,0,0,0,0,0,0,0,0,0,0,80,8,1,30,41,129.5,60,53,60,1,7.17,0.23,0.01,2.18,0.46,13.09,21.03,4.99,16.04,0,0,2009,0,0,0
"41060371",35.5,1,0,1,0,0,"0",9.27,1,2500,1,1,0,0,0,0,0,4,0,0,0,58,18,0,4,23,120.25,60,45,60,0,4.38,3.85,0,0.23,0.24,2.4,14.83,13.96,0.87,0,4,2009,0,0,0
"22000514",25.02,0,0,10,0,1,"0",5.89,1,2500,1,1,0,0,0,0,0,5,5,0,0,20,7,11,2,1,96.2,59,59,0,0,8.4,2.12,3.68,0.16,0.08,7.47,21.8,21.8,0,0,0,2008,2,0,0
"71009196",27.98,0,0,3,0,2,"0",10.39,1,1400,1,0,0,0,0,0,0,0,0,0,0,65,1,1,20,1,129.5,59,59,27,2,5.08,0.02,0,0.83,0.04,3.98,20.71,20.1,0.61,0,0,2006,0,0,0
"87063329",33.39,1,1,4,1,6,"0",4.76,1,1800,1,0,0,0,0,0,0,0,0,0,0,43,14,2,50,8,114.7,60,58,60,2,14.98,0.48,0.08,2.62,0.09,5.22,46.48,0.81,45.66,0.01,0,2008,0,0,0
"5964154",43.47,0,1,12,0,1,"1",13.43,1,1400,2,1,0,0,0,0,0,3,0,0,0,67,1,5,22,20,122.1,60,54,53,1,10.61,0.05,0.05,1.66,1.1,16.06,21.99,14.85,7.15,0,0,2006,1,0,0
"29000330",71.3,1,0,7,0,1,"45",3.27,1,2000,1,1,0,0,0,0,0,4,0,0,0,78,120,0,8,40,127.65,60,55,60,0,8.5,6.46,0,1.04,0.34,3.68,26.81,0.87,25.94,0,2,2009,0,0,0
"54214435",52.97,1,2,10,0,0,"100",17.78,1,2500,1,1,0,0,0,0,0,5,0,0,0,53,8,7,13,7,116.55,60,53,60,0,13.82,0.95,0.12,1.44,0.16,10.34,32.88,1.21,31.67,0,2,2010,0,0,0
"93426047",31.4,0,2,4,1,6,"121",4.43,1,1800,1,0,0,0,0,0,0,0,0,0,0,53,200,244,100,11,129.5,60,1,60,3,17.66,24.85,27.14,9.57,0.36,17.5,46.84,0,46.84,0.07,0,2009,0,0,0
"32088499",26,1,0,10,0,2,"123",1.1,1,2500,1,0,0,0,0,0,0,0,0,0,0,19,11,14,2,0,0,53,51,9,1,6.09,0.95,3.65,0.16,0,0,19.69,17.94,1.75,0.01,0,2004,2,0,0
"2941926",27.68,1,0,10,0,1,"0",8.23,1,2500,1,1,0,0,0,0,0,3,0,0,0,80,2,2,25,24,129.5,59,59,59,1,9.65,0.1,0.01,0.35,1.56,24.29,20.75,4.86,15.89,0,0,2009,0,1,0
"86559142",54.37,1,0,12,0,2,"0",1.06,1,1800,1,1,0,0,0,0,0,5,0,0,0,34,0,0,10,0,0,59,27,58,0,4.03,0,0,0.78,0,0,17.91,12.81,5.09,0,0,1998,0,0,0
"55671645",83.34,1,2,12,0,1,"186",3.2,7,2500,1,0,0,0,0,0,0,0,0,0,0,28,6,3,16,0,0,60,60,36,2,4.47,0.03,0.01,1.73,0,0,19.51,18.37,1.14,0,0,2008,0,0,0
"65913335",47.02,1,2,8,0,3,"266",15.17,3,1300,1,1,0,0,0,0,0,4,0,0,0,58,5,14,2,23,112.85,54,48,48,0,6.7,0.85,3.43,0.11,0.6,7.29,17.23,15.08,2.14,0,0,2005,0,1,0
"58507855",34.84,0,0,4,0,1,"271",2.95,1,1800,1,1,0,0,0,0,0,6,6,0,0,24,1,0,7,0,0,56,56,22,0,5.85,0.01,0,1.16,0,0,23.73,22.96,0.77,0,0,2009,0,0,0
"29038226",67.21,1,3,6,0,0,"279",24.25,2,1600,1,1,0,0,0,0,0,7,0,0,0,50,1,0,19,12,118.4,60,57,59,0,21.28,0.01,0,3.81,1.64,56.01,37.68,21.19,16.49,0,0,2008,0,0,0
"42819637",50.59,0,1,7,0,3,"280",11.95,1,1000,1,1,0,0,0,0,0,3,0,3,0,38,1,1,16,2,118.4,60,0,60,0,14.04,0.03,0.01,1.11,0.01,0.69,47.38,0,47.38,0,0,2008,0,0,0
"75895912",78.08,0,0,5,0,1,"407",1.52,1,1600,1,0,0,0,0,0,0,0,0,0,0,34,6,17,0,0,0,60,54,58,1,4.01,0.37,2.03,0,0,0,18.57,16.46,2.11,0,0,2010,0,2,0
"8422413",45.44,1,1,7,0,0,"408",3.65,1,1600,1,1,0,0,0,0,0,8,0,8,0,34,0,0,10,7,105.45,60,0,60,0,12.58,0,0,1.56,0.44,17.56,33.18,0,33.18,0,0,2009,1,0,0
"14846715",44.43,0,3,4,0,1,"482",17.33,1,1400,1,1,0,0,0,0,0,6,0,0,0,39,86,1,0,0,0,58,40,58,1,6.11,3.89,0.02,0,0,0,19.36,8.77,10.59,0.05,0,2009,0,0,0
"6391119",49.53,1,0,12,0,1,"526",3.19,1,2500,1,1,0,0,0,0,0,3,0,0,0,47,6,6,23,6,125.8,60,53,60,1,4.69,0.17,0.01,2.12,0.11,8.95,16.97,0.77,16.2,0,0,2008,0,0,0
"51190395",28.43,0,1,7,0,1,"529",3.57,1,1600,1,1,0,0,0,0,0,3,0,0,0,80,6,1,10,35,123.95,59,59,56,0,8.86,0.3,0.01,0.15,0.64,5.91,23.25,19.03,4.22,0,0,2009,0,0,0
"83061684",53.28,0,4,11,0,15,"665",17.93,1,2500,1,1,0,0,0,0,0,3,0,0,0,52,13,2,0,1,92.5,60,21,60,0,5.43,1.09,0.17,0,0.02,1.75,18.96,1.21,17.75,0,0,2009,0,0,0
"2334990",28.41,1,0,10,0,0,"694",10.4,1,1400,1,0,0,0,0,0,0,0,0,0,0,52,10,6,23,6,120.25,60,7,60,2,6.54,0.21,0.02,2.14,0.05,3.76,21.83,0.01,21.83,0.01,0,2009,0,0,0
"66220721",30.88,1,2,2,0,0,"708",9.25,1,2500,1,1,0,0,0,0,0,4,0,0,0,61,8,0,0,7,122.1,60,59,57,0,5.52,0.33,0,0,0.04,2.8,19.7,15.46,4.24,0,2,2009,0,0,0
"55228272",29.66,0,0,10,0,0,"741",11.58,1,2500,1,1,0,0,0,0,0,3,0,0,0,47,9,14,12,14,123.95,58,56,57,0,6.68,0.62,2.26,0.57,0.2,10,20.88,19.27,1.61,0,0,2009,0,0,0
"16511831",44.24,1,2,3,0,0,"800",16.78,1,2500,1,0,0,0,0,0,0,0,0,0,0,91,19,2,20,37,127.65,60,56,60,3,9.9,0.38,0.01,0.69,0.69,13.01,22.69,14.88,7.81,0.03,0,2010,0,1,0
"5504676",47.83,1,2,10,0,1,"811",16.07,1,2400,1,0,0,0,0,0,0,0,0,0,0,72,63,11,18,21,125.8,60,0,60,1,12.89,4.42,0.04,1.94,1.38,21.94,27.51,0,27.51,0.01,4,2009,0,0,0
"3312684",26.49,1,0,10,0,1,"934",7.39,1,1000,1,0,0,0,0,0,0,0,0,0,0,26,4,0,2,3,98.05,43,43,27,1,5.6,0.47,0,0.11,0.04,1.31,16.12,14.88,1.24,0.01,0,2009,1,0,0
"995509",33.72,1,1,4,1,6,"1",4.76,1,1800,1,0,0,0,0,0,0,0,0,0,0,45,7,1,90,8,114.7,60,0,60,2,17.63,0.28,0,3.2,0.07,3.45,48.37,0,48.37,0.01,0,2006,0,0,0
"96251181",44.77,0,2,3,0,0,"1,014",23.59,5,1600,1,0,0,0,0,0,0,0,0,0,0,59,3,1,4,13,112.85,58,37,58,1,12.23,0.2,0.01,0.49,0.46,9.65,24.69,5.84,18.85,0.01,0,2009,0,0,0
"65292823",22.59,0,0,1,0,1,"1,025",1.02,1,1400,5,0,0,0,0,0,0,0,0,0,0,45,80,57,18,2,98.05,60,60,42,4,4.06,5.3,8.83,2.04,0.01,1.08,17.33,17.11,0.22,0.16,0,2005,0,0,0
"74681132",45.45,1,1,0,0,1,"1,08",16.17,1,1600,1,1,0,0,0,0,0,4,0,0,0,50,5,3,14,7,114.7,60,54,60,0,15.66,0.19,0.05,0.51,0.09,2.7,28.79,2.26,26.53,0,0,2009,0,0,0
"42657184",39.91,1,2,3,0,1,"1,218",5.17,1,2500,1,0,0,0,0,0,0,0,0,0,0,61,24,0,24,16,129.5,59,59,59,1,8.46,0.05,0,1.31,0.13,5.99,21.85,17.89,3.97,0,2,2009,0,0,0
"69096785",81.97,1,3,5,0,0,"1,245",8.23,1,2000,1,1,0,0,0,0,0,6,0,6,0,48,12,3,9,1,90.65,60,0,60,0,12.37,0.69,0.15,1.48,0.02,1.74,28.98,0,28.98,0,2,2009,1,0,0
"27371596",26.42,1,0,12,0,2,"1,272",5.59,1,2500,1,1,0,0,0,0,0,5,5,0,0,18,2,0,0,3,114.7,46,46,0,0,5.87,0.16,0,0,0.16,9.73,15.71,15.71,0,0,0,2006,1,0,0
"25073327",53.65,1,1,10,0,1,"1,311",20.93,1,1400,1,1,0,0,0,0,0,2,0,0,0,67,9,1,13,14,129.5,60,59,60,1,11.35,0.1,0.01,0.49,0.37,11.67,24.79,6.27,18.52,0,0,2009,0,1,0
"41789044",21.85,0,0,20,0,2,"1,671",2.25,8,1400,1,1,0,0,0,0,0,4,0,0,0,56,2,1,0,9,120.25,60,55,56,0,7.66,0.08,0,0,0.06,4.2,21.32,17.4,3.92,0,0,2007,0,0,0
"55421447",36.12,0,2,18,0,1,"1,995",2.9,1,2500,1,0,0,0,0,0,0,0,0,0,0,34,17,3,18,3,98.05,60,59,60,1,6.61,2.06,0.11,1.92,0.07,2.87,22.29,19.72,2.58,0.01,0,2009,0,0,0
"16389923",49.24,1,2,9,0,1,"2",0.65,1,2200,1,1,0,0,0,0,0,3,0,0,0,90,2,0,0,27,129.5,59,52,59,0,8.42,0.06,0,0,0.6,15.77,19.72,1.73,17.99,0,0,2009,0,0,0
"25230785",61.63,1,3,10,0,0,"2,123",37.23,1,2000,1,0,0,0,0,0,0,0,0,0,0,11,4,1,23,1,109.15,60,0,60,1,3.98,0.18,0.01,3.61,0.05,4.76,19.76,0,19.76,0.01,0,2008,0,0,0
"98655256",46.56,0,1,0,0,1,"2,184",22.23,2,1400,1,1,0,0,0,0,0,12,0,12,0,39,0,0,3,1,92.5,57,0,57,0,15.27,0,0,0.73,0.09,8.41,32.09,0,32.09,0,0,2007,0,0,0
"42732457",32.99,0,0,12,0,0,"2,212",7.45,1,1600,1,1,0,0,0,0,0,2,0,0,0,47,4,6,4,1,98.05,59,57,59,0,6.55,0.2,0.58,0.15,0.01,0.69,17.79,14.24,3.55,0,0,2009,0,0,0
"21599664",31.68,0,0,12,0,1,"2,541",2.12,1,1800,1,1,0,0,0,0,0,2,2,0,0,15,2,1,8,0,0,49,49,0,0,3.08,0.09,0.01,1.13,0,0,17.23,17.23,0,0,0,2010,1,0,0
"58846451",21.67,0,0,22,0,2,"2,704",3.51,1,2500,1,0,0,0,0,0,0,0,0,0,0,37,2,1,14,8,122.1,60,0,60,1,10.92,0.1,0,1.64,0.55,20.34,26.41,0,26.41,0,0,2008,0,0,1
"63810746",44.3,1,1,10,0,0,"2,887",23.32,2,1600,1,1,0,0,0,0,0,5,0,5,0,89,14,5,13,35,129.5,60,0,60,0,9.76,0.37,0.09,1.37,0.76,14.41,24.7,0,24.7,0,0,2008,0,0,0
"53563672",22.85,1,0,10,0,1,"3,004",3.17,1,1600,1,0,0,0,0,0,0,0,0,0,0,59,4,1,9,21,123.95,59,59,57,1,9.89,0.33,0.05,0.43,0.48,7.25,27.52,24.03,3.49,0,0,2009,0,0,0
"47682714",39.81,1,1,7,0,0,"3,16",18.32,1,4700,1,1,0,0,0,0,0,2,0,0,0,42,4,0,6,7,129.5,60,57,59,0,7.91,0.39,0,0.43,0.64,51.77,17.42,16.31,1.11,0,2,2008,0,0,0
"84582333",36.55,0,3,18,0,6,"3,2",14.67,1,1800,1,1,0,0,0,0,0,3,0,0,0,50,25,5,6,1,92.5,60,49,60,0,6.14,0.38,0.04,0.69,0,0.34,22.41,9.75,12.66,0,0,2005,0,0,0
"1900742",64.95,1,2,8,0,1,"3,229",2.9,2,2500,1,1,0,0,0,0,0,5,0,0,0,37,6,5,8,11,118.4,57,47,43,0,12.19,0.81,0.72,1.22,1.36,39.83,26.33,13.25,13.08,0,0,2009,0,1,0
"57742719",61.04,1,1,8,0,8,"3,232",6.34,1,1800,1,0,0,0,0,0,0,0,0,0,0,52,10,4,9,14,94.35,60,60,57,1,4.96,0.1,0.01,0.83,0.06,0.81,20.15,18.84,1.31,0,0,1995,0,0,0
"85387711",26.19,1,1,0,0,2,"3,258",4.16,5,1300,1,1,0,0,0,0,0,3,0,0,0,82,34,22,0,27,129.5,60,14,60,1,6.94,0.69,2.83,0,0.2,7.21,19.65,0.02,19.63,0,0,2003,0,0,0
"39802021",60.87,1,3,12,0,1,"3,496",3.67,1,2500,1,0,0,0,0,0,0,0,0,0,0,52,4,0,6,48,103.6,60,34,60,1,16.49,0.13,0,0.25,0.19,1.73,32.95,2.03,30.92,0,0,2008,0,0,0
"54221947",75.94,1,2,12,0,1,"3,57",3.04,1,1600,1,1,0,0,0,0,0,4,0,0,0,36,3,7,9,0,0,60,8,60,0,3.82,0.2,0.85,0.71,0,0,18.1,0.02,18.08,0,0,2009,0,0,0
"92487211",36.69,1,0,4,0,0,"3,634",15.31,1,1600,1,1,0,0,0,0,0,2,0,0,0,45,5,14,12,1,112.85,60,56,60,0,8.13,0.16,0.59,0.95,0.01,1.42,27.82,4.81,23.01,0,0,2008,0,0,1
"53106104",73.54,1,3,12,0,1,"3,845",5.09,1,2500,1,1,0,0,0,0,0,7,0,0,0,67,2,0,9,13,90.65,60,34,60,0,11.86,0.32,0,0.84,0.24,3.58,25.21,2.04,23.17,0,2,2007,0,0,0
"87484742",33.53,0,1,11,0,5,"3,965",3.27,2,1400,1,0,0,0,0,0,0,0,0,0,0,80,203,10,11,39,129.5,60,56,60,2,7.55,1.38,0.99,0.73,0.37,8.33,20.59,13.97,6.62,0.01,0,2009,0,0,0
"10640302",30.59,0,0,4,0,3,"4,209",10.25,4,2500,1,1,0,0,0,0,0,3,0,0,0,26,6,5,7,5,99.9,60,38,60,0,8.72,0.4,0.34,1.41,0.09,2.25,27.92,3.78,24.14,0,0,2005,0,0,0
"63566578",32.06,1,0,10,0,3,"4,224",5.17,1,1400,1,1,0,0,0,0,0,4,0,0,0,40,6,1,8,4,111,60,60,59,0,9.68,0.11,0.01,0.51,0.05,3.72,27.07,14.47,12.6,0,0,2001,0,0,0
"46326578",39.97,1,2,7,0,0,"4,316",21.93,1,2200,1,1,0,0,0,0,0,4,0,0,0,62,4,2,15,15,129.5,60,60,58,1,10.65,0.12,0.02,0.24,0.7,21.86,25.27,17.94,7.33,0,0,2008,0,0,0
"27259152",47.98,1,0,3,0,1,"4,394",1.84,1,1800,1,1,0,0,0,0,0,3,0,0,0,25,1,0,2,5,109.15,45,38,25,0,6.7,0.02,0,0.26,0.3,15.36,16.36,14.99,1.37,0,0,2007,1,0,0
"12338619",50.59,0,1,7,0,3,"4,521",2.44,1,1000,1,0,0,0,0,0,0,0,0,0,0,37,52,1,23,2,122.1,60,0,60,2,15.54,3.12,0,2.5,0.01,0.81,47.85,0,47.85,0.01,0,2009,0,0,0
"3051601",59.51,0,0,0,0,0,"4,823",41.16,1,1000,1,1,0,0,0,0,0,3,0,0,0,69,14,24,4,22,129.5,59,49,59,1,6.06,0.72,2.04,0.05,0.25,5.7,20.8,18.35,2.44,0,0,2007,0,0,0
"932334",80.62,1,6,1,0,5,"5",48.41,1,3200,1,1,0,0,0,0,0,4,4,0,0,23,2,0,13,3,105.45,59,59,0,0,5.69,0.06,0,1.9,0.08,5.73,25.11,25.11,0,0,0,1997,0,0,0
"28484053",28.79,1,0,10,0,0,"5,242",10.12,4,2000,1,1,0,0,0,0,0,6,6,0,0,16,1,2,0,0,0,40,28,13,0,4.68,0.14,1.05,0,0,0,17.41,16.82,0.59,0,0,2008,0,0,0
"65928393",35.7,0,0,0,0,1,"5,72",1.78,1,1800,5,0,0,0,0,0,0,0,0,0,0,16,10,11,13,1,94.35,52,52,50,1,2.45,0.18,0.78,0.52,0,0.15,13.3,6.12,7.18,0,0,2009,0,0,2
"80461260",43.09,1,1,10,0,1,"5,797",26.14,1,1800,1,2,0,0,0,0,0,6,6,0,0,22,3,4,2,1,99.9,57,55,2,0,7.5,0.63,1.63,0.25,0.13,12.49,21,20.75,0.25,0,0,2008,1,0,0
"14105777",40.15,1,4,3,0,1,"5,9",17.42,1,2500,1,1,0,0,0,0,0,5,0,0,0,50,1,1,0,8,114.7,54,45,54,0,6.16,0.06,0.01,0,0.16,8.26,17.18,13.86,3.32,0,0,2008,0,0,0
"90067237",37.62,1,0,10,0,1,"6,235",0.97,1,1800,1,1,0,0,0,0,0,2,0,0,0,70,4,0,23,27,127.65,60,59,60,1,7.38,0.05,0,2.49,0.14,3.66,21.69,17.5,4.19,0,0,2010,0,0,0
"70788876",27.91,0,0,20,0,1,"6,339",10.17,1,2500,1,0,0,0,0,0,0,0,0,0,0,62,80,5,10,27,123.95,59,59,59,2,6.02,0.23,0.08,1.17,0.22,2.3,20.6,19.02,1.58,0,0,2008,0,0,0
"27332914",32.55,0,2,10,0,1,"6,436",3.66,1,1400,1,0,0,0,0,0,0,0,0,0,0,74,1,1,0,29,129.5,59,0,59,1,21.06,0.11,0.01,0,2.56,33.38,33.01,0,33.01,0.01,0,2008,0,1,0
"36973965",53.14,1,1,8,0,1,"6,532",3.09,0,1500,1,1,0,0,0,0,0,4,0,0,0,55,27,0,15,13,123.95,59,42,59,0,9.26,1.89,0,1.04,0.41,10.79,22.36,7.79,14.57,0,2,2008,0,0,2
"56180641",54.02,1,3,2,0,2,"6,696",6.56,1,1400,1,1,0,0,0,0,0,4,0,0,0,39,2,0,4,1,92.5,58,58,42,0,7.45,0.27,0,0.18,0.02,1.49,20.37,15.79,4.58,0,0,2006,0,0,0
"12748696",73.8,1,2,4,0,0,"6,724",50.19,1,1800,1,1,0,0,0,0,0,3,0,0,0,50,142,0,31,14,129.5,60,58,60,0,9.45,5.85,0,2.18,0.37,9.69,27.01,5.41,21.6,0,2,2008,0,0,0
"62519374",48.42,1,2,12,0,1,"6,747",18.15,1,1600,1,1,0,0,0,0,0,4,0,0,0,47,89,1,4,10,122.1,59,59,59,1,8.47,0.83,0,0.26,0.31,12.83,21.53,19.32,2.21,0,0,2008,1,0,0
"89185711",47.92,0,0,7,0,1,"6,797",3.16,1,1400,5,1,0,0,0,0,0,4,0,0,0,63,24,13,16,24,129.5,60,45,60,0,8.02,0.59,1.77,2.07,0.47,7.75,20.79,12.73,8.06,0,0,2007,0,0,0
"25628377",43.36,1,0,10,0,3,"7,4",21.77,1,1800,1,1,0,0,0,0,0,6,0,0,0,19,6,1,16,0,0,47,39,19,1,4.28,1.06,0.01,0.71,0,0,16.76,15.43,1.34,0.01,0,2005,0,0,0
"15672856",36.33,1,3,3,0,2,"8,185",20.32,3,2500,1,1,0,0,0,0,0,8,8,0,0,6,0,0,4,1,92.5,31,31,0,0,2.6,0,0,1.4,0.1,9.25,14.5,14.5,0,0,0,2005,0,0,0
"90443912",23.16,1,0,11,0,1,"8,5",4.39,1,1400,1,0,0,0,0,0,0,0,0,0,0,83,1,0,22,36,122.1,60,60,60,1,6.03,0.01,0,1.19,0.19,2.05,17.99,11.94,6.05,0,0,2008,0,0,0
"31287352",67.55,1,2,7,0,1,"8,573",3.92,1,2500,1,1,0,0,0,0,0,4,0,4,0,54,3,2,8,19,120.25,58,13,58,0,7.12,0.08,0.11,0.65,0.19,4.01,21.24,0.06,21.18,0,0,2008,0,0,0
"2156255",33.73,1,0,10,0,1,"8,615",2.24,1,1800,1,0,0,0,0,0,0,0,0,0,0,54,2,0,0,6,114.7,58,53,58,2,6.26,0.06,0,0,0.04,2.49,17.51,14.74,2.77,0,0,2008,1,0,0
"58266842",65.22,1,3,3,0,0,"8,797",32.11,1,1600,1,0,0,0,0,0,0,0,0,0,0,58,4,0,25,8,114.7,60,0,60,1,7.45,0.06,0,1.61,0.07,2.25,26.77,0,26.77,0.01,0,2008,0,0,0
"65721905",43.46,1,0,1,0,1,"8,843",3.18,1,1400,1,0,0,0,0,0,0,0,0,0,0,77,14,1,31,47,127.65,60,60,60,1,9.49,0.14,0.01,2.3,1,6.9,23.83,18.7,5.13,0,0,2008,0,0,1
"26406657",72.03,1,4,8,0,1,"9,288",46.6,1,1600,1,1,0,0,0,0,0,3,0,0,0,60,7,8,16,10,129.5,60,5,60,1,4.61,0.04,0.02,1.01,0.12,3.7,19.98,0,19.98,0,0,2010,0,0,0
"543191",31.14,0,0,12,0,0,"9,344",9.23,1,1600,1,1,0,0,0,0,0,4,0,0,0,94,10,1,19,49,127.65,60,6,60,1,10.3,0.09,0.01,1.16,0.61,14.62,26.53,0,26.52,0,0,2009,0,0,0
"40842570",64.12,1,3,3,0,1,"9,37",23.82,1,4600,1,0,0,0,0,0,0,0,0,0,0,73,50,2,12,30,127.65,60,58,60,2,7.95,0.87,0.09,0.18,0.37,9.1,21.74,17.05,4.69,0.03,0,2008,0,0,0
"83226973",47.09,1,2,10,0,3,"9,632",22.12,1,2500,1,1,0,0,0,0,0,3,0,0,0,74,7,1,8,30,109.15,60,60,59,0,3.32,0.04,0,1.69,0.09,0.84,14.57,13.97,0.6,0,0,2008,0,1,0
"51143431",56.66,0,3,0,0,1,"9,78",38.24,5,2500,1,1,0,0,0,0,0,5,0,5,0,46,1,1,11,11,107.3,54,0,54,0,11.76,0.08,0.12,1.28,0.84,16.35,26.2,0,26.2,0,0,2007,0,0,0
"74362809",51.21,0,0,10,0,2,"9,8",8.26,1,2500,1,0,0,0,0,0,0,0,0,0,0,25,1,3,7,0,0,50,50,46,2,3.73,0.02,0.03,0.94,0,0,16.18,14.46,1.72,0.01,0,2006,0,0,0
"72264845",47.89,0,3,4,0,1,"9,971",17.42,1,1800,1,1,0,0,0,0,0,9,0,9,0,23,0,0,2,0,0,48,0,48,0,12.83,0,0,0.67,0,0,29.83,0,29.83,0,1,2008,0,0,0
"6671539",58.58,0,3,3,0,1,"10,5",11.81,1,3000,1,1,0,0,0,0,0,3,0,0,0,62,12,0,0,11,122.1,60,60,60,0,9.57,1.52,0,0,0.08,2.54,25.22,21.46,3.76,0,2,2000,0,0,0
"43602351",43.67,0,2,10,0,1,"10,525",2.87,1,1400,1,1,0,0,0,0,0,4,2,0,0,19,12,21,5,1,101.75,42,42,10,0,5.54,1.15,5.04,0.8,0.02,2.11,19.22,18.5,0.72,0,0,2006,0,0,0
"59691187",58.93,0,1,12,0,14,"10,653",25.47,1,1800,1,0,0,0,0,0,0,0,0,0,0,24,25,33,6,0,0,60,60,31,1,3.13,2.94,4.9,0.57,0,0,18.3,18.21,0.08,0,0,1994,0,0,1
"70646925",71.85,1,4,4,0,1,"10,841",39.24,1,1800,1,1,0,0,0,0,0,3,0,0,0,73,88,14,20,24,129.5,60,47,60,0,7.87,1.88,0.8,0.73,0.19,5.26,22.65,7.06,15.59,0,2,2008,0,0,0
"12755998",70.1,1,4,18,0,19,"10,874",13.24,1,1600,1,1,0,0,0,0,0,1,0,0,0,64,10,1,9,16,122.1,59,47,59,0,6.31,0.09,0.01,0.14,0.17,2.89,18.45,13.16,5.29,0,0,2008,0,0,0
"26705860",29.81,1,0,11,0,1,"10,957",1.21,1,1800,1,1,0,0,0,0,0,3,0,0,0,66,13,1,17,13,129.5,60,57,60,1,8.15,0.5,0.01,0.29,0.37,15.36,20.03,14.44,5.59,0.01,0,2009,0,0,0
"12123325",44.43,1,0,4,0,1,"11,561",2.99,1,1400,1,0,0,0,0,0,0,0,0,0,0,18,5,1,20,2,123.95,54,54,49,2,4.01,0.39,0,1.01,0.11,10.37,16.79,10.12,6.67,0.01,0,2008,0,0,0
"92483875",48.27,1,2,4,0,1,"11,582",2.74,1,1800,1,0,0,0,0,0,0,0,0,0,0,72,3,1,13,3,105.45,60,60,60,1,4.57,0.06,0,0.89,0.01,1.27,16.44,15.07,1.37,0,0,2008,1,0,1
"43500601",41.92,1,2,17,0,1,"11,92",9.02,1,2500,1,12,2,1,0,1,94.35,31,24,7,0,12,2,1,0,1,94.35,31,24,7,0,12,2,1,0,1,94.35,31,24,7,0,0,2008,0,1,0
"20708606",49.9,0,1,20,0,1,"11,928",2.76,1,2500,1,0,0,0,0,0,0,0,0,0,0,51,32,3,29,51,118.4,60,60,60,2,5.07,0.24,0,1.74,0.53,2.15,18.7,17.07,1.63,0,0,2008,0,0,0
"19716844",43.34,1,3,5,0,1,"11,97",4.19,1,1000,3,0,0,0,0,0,0,0,0,0,0,60,22,8,18,21,125.8,60,58,60,1,10.75,0.87,0.03,2.62,0.45,22.91,27.13,13.87,13.26,0.01,0,2008,1,1,0
"67271209",37.53,1,1,3,0,1,"12,009",2.74,2,2500,1,0,0,0,0,0,0,0,0,0,0,72,6,21,16,32,122.1,60,53,60,1,5.69,0.33,1.19,0.82,0.33,3.86,17.86,14.72,3.13,0.01,0,2009,0,0,0
"28122108",50.17,1,2,10,0,1,"12,027",27.98,1,1800,1,0,0,0,0,0,0,0,0,0,0,69,15,4,12,59,116.55,60,0,60,1,7.25,0.08,0.01,1.3,1.46,4.42,23.83,0,23.83,0,0,2008,0,0,1
"56186171",48.75,1,2,21,0,1,"12,045",1.01,1,1800,1,1,0,0,0,0,0,5,0,0,0,44,17,1,5,4,112.85,60,60,49,1,8.04,1.88,0.01,0.8,0.11,4.15,24.24,19.99,4.25,0.01,0,2000,0,0,0
"89479063",28.77,0,0,3,0,1,"12,154",2.84,1,1400,1,1,0,0,0,0,0,2,0,0,0,30,4,7,6,3,123.95,54,54,32,0,4.03,0.21,0.75,0.3,0.07,5.57,13.28,12.58,0.7,0,0,2007,0,0,0
"98714126",47.85,0,2,11,0,3,"12,345",1.95,1,1300,5,0,0,0,0,0,0,0,0,0,0,45,7,1,16,6,120.25,60,59,60,2,9.82,0.2,0,2.02,0.11,7.73,25.09,17.56,7.53,0.01,0,2001,0,0,0
"61077231",44.24,1,2,5,0,1,"12,455",20.14,1,2500,2,1,0,0,0,0,0,4,0,0,0,69,5,3,11,33,114.7,58,58,56,1,8.03,0.57,0.18,1.05,0.7,6.55,23.35,17.34,6.01,0,0,2008,0,0,0
"61871438",45.22,0,2,21,0,4,"12,456",26.12,1,2500,1,1,0,0,0,0,0,4,0,0,0,65,4,9,5,15,125.8,60,54,58,0,6.56,0.53,1.6,0.28,0.17,1.65,19.7,17.33,2.37,0,0,2006,0,0,0
"99043061",25.81,1,0,10,0,4,"12,457",1.79,1,1800,1,0,0,0,0,0,0,0,0,0,0,57,67,19,0,6,120.25,57,46,57,1,5.29,0.84,3.25,0,0.07,6.09,15.91,14.35,1.56,0.01,0,2006,0,0,0
"38722518",43.31,0,0,0,0,1,"12,458",26.38,1,1200,1,0,0,0,0,0,0,0,0,0,0,27,2,10,6,2,92.5,60,30,60,1,4.97,0.1,0.01,0.51,0,0.1,19.73,0.62,19.1,0,0,2006,0,0,0
"15280639",49.83,1,0,18,0,1,"12,775",31.59,1,3000,1,1,0,0,0,0,0,3,0,0,0,60,5,1,24,10,120.25,58,56,58,0,8.73,0.13,0.01,0.34,0.4,18.19,20.69,16.72,3.97,0,2,2008,0,0,1
"37941976",34.59,0,0,10,0,1,"12,777",15.57,1,1000,1,0,0,0,0,0,0,0,0,0,0,82,4,1,6,42,129.5,59,57,59,2,7.17,0.26,0,0.18,0.55,5.23,20.14,16.05,4.08,0.01,0,2008,0,0,0
"72822754",66.09,1,4,4,0,2,"12,8",5.99,1,1600,1,1,0,0,0,0,0,4,0,0,0,53,8,30,8,17,129.5,60,58,60,0,7.53,0.54,2.4,0.56,0.23,8.63,23.05,10.43,12.62,0,0,2006,0,0,0
"95243508",73.58,1,8,18,0,1,"13,397",14.28,1,1800,1,1,0,0,0,0,0,5,0,5,0,50,3,0,16,7,105.45,60,0,60,0,9.41,0.2,0,0.43,0.39,14.98,25.29,0,25.29,0,0,2008,1,0,0
"44766105",46.55,1,0,7,0,1,"13,498",2.7,3,1600,1,1,0,0,0,0,0,3,0,0,0,44,4,1,0,5,123.95,60,57,59,1,5.8,0.19,0,0,0.08,6.75,19.44,13.62,5.82,0,0,2008,0,0,0
"40992469",61.95,0,2,6,0,1,"13,518",2.88,1,5400,1,0,0,0,0,0,0,0,0,0,0,59,6,1,25,51,107.3,60,59,60,3,8.23,0.26,0,1.38,0.63,4.8,22.97,12.01,10.97,0.01,2,2008,0,0,0
"65203867",33.68,0,0,11,0,4,"13,617",3.22,1,2500,1,0,0,0,0,0,0,0,0,0,0,62,2,1,22,16,105.45,60,60,60,2,7.99,0.03,0.02,1.14,0.16,2.3,22.68,18.14,4.54,0,0,2008,0,0,0
"97415746",30.64,0,0,20,0,1,"13,973",1.21,1,1800,1,1,0,0,0,0,0,2,0,0,0,39,14,3,11,2,109.15,58,51,58,0,5.15,0.11,0.02,0.31,0.02,1.86,16.65,3.6,13.05,0,0,2008,0,0,0
"84661371",33.52,1,0,18,0,1,"14,092",3.13,1,1400,1,1,0,0,0,0,0,4,0,0,0,64,2,1,18,14,125.8,60,60,59,0,8.38,0.01,0.01,2.06,0.15,5.36,23.73,21.1,2.62,0,0,2008,0,0,0
"6677118",61.13,1,3,7,0,2,"14,305",1.79,1,1800,1,1,0,0,0,0,0,5,0,0,0,61,2,0,19,54,116.55,60,59,60,0,7.03,0.02,0,1.97,1.14,4.27,20.55,17.71,2.85,0,0,2008,1,0,0
"11581730",57.75,1,0,4,0,1,"14,5",14.6,1,1400,1,0,0,0,0,0,0,0,0,0,0,40,3,2,7,15,90.65,60,60,60,1,6.18,0.01,0,0.97,0.03,0.17,20.64,18.39,2.25,0,0,2007,0,0,0
"87364196",51.28,1,0,21,0,1,"14,656",3.1,1,1400,1,1,0,0,0,0,0,4,4,0,0,22,1,0,10,2,101.75,53,53,2,0,3.7,0,0,1.21,0.01,1.02,15.54,15.52,0.01,0,0,2007,0,0,0
"91111363",36.87,1,1,21,0,1,"14,664",2.25,1,1800,1,1,0,0,0,0,0,2,0,0,0,62,3,0,0,11,129.5,60,47,60,0,8.58,0.16,0,0,0.14,8.45,18.11,13.32,4.78,0,0,2008,0,0,0
"16764717",51.78,0,0,5,0,2,"15,014",2.76,1,5400,1,0,0,0,0,0,0,0,0,0,0,40,35,1,13,1,98.05,60,0,60,1,5.35,0.54,0.01,1.63,0.01,0.51,20.72,0,20.72,0,2,2007,0,1,0
"95913026",44.51,1,2,3,0,1,"15,128",23.52,1,1800,1,1,0,0,0,0,0,5,0,0,0,47,29,0,3,8,114.7,60,58,60,0,11.19,3.52,0,0.05,0.23,9.39,26.88,8.64,18.23,0,2,2008,0,0,0
"49426456",60.7,0,3,18,0,10,"15,2",15.45,1,1400,1,0,0,0,0,0,0,0,0,0,0,77,2,0,25,35,123.95,60,60,60,2,8.03,0.05,0,1.81,0.63,6.58,21.22,14.35,6.87,0.01,0,2008,0,0,0
"99946637",43.88,1,0,12,0,1,"15,375",25.7,1,2500,1,1,0,0,0,0,0,5,0,0,0,51,1,0,8,0,0,60,60,50,1,6.56,0.07,0,1.12,0,0,22.4,21.21,1.19,0.01,0,2009,0,0,0
"35410645",28.74,1,0,7,0,3,"15,454",10.76,1,2500,1,1,0,0,0,0,0,3,0,0,0,27,3,1,2,2,116.55,51,51,28,0,7.11,0.23,0.01,0.28,0.08,6.68,18.68,15.32,3.35,0,0,2007,0,0,0
"55324231",29.45,0,1,12,0,2,"15,462",4.53,1,1400,1,1,0,0,0,0,0,5,0,0,0,27,5,5,4,1,127.65,51,41,41,0,6.75,0.37,1.32,0.23,0.02,2.24,19.65,15.46,4.19,0,0,2007,0,0,0
"40163611",69.36,1,4,2,0,1,"15,699",31.32,1,2000,1,1,0,0,0,0,0,3,0,0,0,75,6,1,20,57,123.95,60,60,60,0,11.6,0.18,0.03,2.61,2.58,9.78,29.05,23.35,5.7,0,0,2007,0,0,0
"44827445",34.41,0,0,12,0,1,"15,803",2.62,1,2500,1,1,0,0,0,0,0,5,0,0,0,41,2,0,0,0,0,59,38,59,0,10,0.31,0,0,0,0,25.62,15.69,9.92,0,0,2008,0,0,0
"55527824",46.67,0,1,12,0,1,"16",26.25,1,1300,1,0,0,0,0,0,0,0,0,0,0,33,2,6,10,0,0,60,55,60,1,7.77,0.01,0.02,0.92,0,0,25.26,9.9,15.36,0,0,2007,0,0,0
"35947435",42.51,1,0,3,0,0,"16",7.83,1,1600,1,0,0,0,0,0,0,0,0,0,0,80,14,1,8,18,129.5,60,53,60,1,13.5,0.38,0,0.14,1.4,37.8,25.71,2.22,23.49,0.01,0,2009,0,1,0
"19169636",49.88,1,2,0,0,1,"16,548",4.78,1,1600,1,1,0,0,0,0,0,4,4,0,0,6,2,0,0,0,0,22,22,0,0,1.64,0.18,0,0,0,0,9.09,9.09,0,0,0,2006,0,0,0
"29635857",39.81,0,0,10,0,1,"16,623",1.67,1,1800,1,1,0,0,0,0,0,7,0,0,0,34,2,4,2,0,0,59,47,59,1,9.44,0.07,0.54,0.04,0,0,24.7,17.17,7.54,0.02,0,2009,0,0,0
"5234366",30.04,1,0,10,0,1,"16,774",0.72,1,2500,1,1,0,0,0,0,0,3,0,0,0,41,4,1,30,6,120.25,60,59,59,0,7.18,0.18,0.01,2.87,0.04,2.82,24.5,22.53,1.97,0,0,2010,0,0,0
"88867811",68.26,1,3,8,0,9,"17,024",3.07,1,1800,1,1,0,0,0,0,0,7,0,0,0,39,6,0,7,4,112.85,59,52,38,0,11.33,1.05,0,0.33,0.43,19.93,25.38,16.78,8.6,0,0,1999,0,0,0
"19783780",30.34,1,0,18,0,1,"17,527",2.21,4,1000,1,1,0,0,0,0,0,3,0,0,0,63,148,11,4,54,111,60,39,60,0,14.35,16.38,2.03,0.46,3.77,17.43,26.78,9.8,16.99,0,0,2001,0,1,0
"50242325",59.95,1,3,18,0,1,"17,975",23.52,7,2500,1,0,0,0,0,0,0,0,0,0,0,82,6,12,12,31,125.8,60,60,60,1,11.54,0.15,1.04,0.34,0.31,14.31,27.78,22.91,4.87,0.01,1,2007,0,0,0
"24449034",64.85,1,1,0,0,2,"18,063",2.73,1,1400,1,1,0,0,0,0,0,3,0,0,0,90,7,0,0,33,129.5,60,53,59,1,8.54,0.16,0,0,0.18,6.1,22.18,14.1,8.08,0,0,2007,0,0,0
"73893933",37.42,1,0,4,0,1,"18,267",22.4,1,2500,1,0,0,0,0,0,0,0,0,0,0,44,2,0,11,11,120.25,60,0,60,3,6.12,0.06,0,2.14,0.23,7.72,21.28,0,21.28,0.02,0,2005,0,0,0
"5534853",49.29,0,2,15,0,1,"18,529",26.34,1,2000,1,0,0,0,0,0,0,0,0,0,0,41,2,0,1,18,118.4,59,55,59,1,11.91,0.45,0,0.05,1.55,24.3,30.14,17.77,12.36,0.05,0,2007,0,0,0
"95641894",51.81,1,2,7,0,1,"19,224",37.25,1,2500,1,1,0,0,0,0,0,1,0,0,0,72,3,1,41,24,129.5,57,57,49,0,9.08,0.02,0.01,3.26,0.46,25.19,18.18,15.86,2.32,0,2,2007,0,1,0
"55394151",45.51,0,2,3,0,1,"19,749",3,1,2500,1,0,0,0,0,0,0,0,0,0,0,50,2,1,15,44,107.3,60,60,52,1,5.99,0.04,0,1.85,0.36,1.86,21.23,20.05,1.17,0,0,2008,1,0,0
"76040114",78.24,0,0,3,0,2,"20,099",2.82,1,1400,1,1,0,0,0,0,0,2,0,0,0,83,18,15,53,26,129.5,60,60,59,1,8.1,0.77,1.5,1.07,0.21,8.46,22.28,16.82,5.46,0,0,2006,1,0,0
"93776557",30.91,1,0,10,0,2,"20,148",2,1,1800,1,1,0,0,0,0,0,3,0,0,0,31,2,0,18,29,90.65,60,51,60,0,3.95,0.04,0,1.99,0.16,0.75,17.83,15.23,2.6,0,0,2008,0,1,0
"21391809",50.44,0,0,19,0,2,"20,163",20.3,1,2500,1,1,0,0,0,0,0,4,0,4,0,28,0,0,7,0,0,60,0,60,0,6.48,0,0,1.14,0,0,22.87,0,22.87,0,0,2006,0,0,0
"26327722",26.21,0,0,7,0,1,"20,26",6.36,1,1400,1,0,0,0,0,0,0,0,0,0,0,38,4,2,0,12,118.4,60,2,60,1,8.83,0.04,0.01,0,0.2,9.66,23.78,0,23.78,0.01,0,2003,0,1,0
"35807890",66.28,1,3,3,0,1,"20,44",43.33,1,1800,1,1,0,0,0,0,0,6,0,0,0,39,2,0,5,4,111,60,51,60,0,5.26,0.05,0,0.61,0.03,1.38,21.61,4.55,17.06,0,0,2007,0,0,0
"32488730",48.5,0,2,3,0,1,"20,448",2.18,1,1800,1,1,0,0,0,0,0,3,0,0,0,42,9,0,0,1,103.6,57,55,57,0,5.37,0.23,0,0,0,0.42,18.1,14.15,3.96,0,0,2009,0,0,0
"58068626",32.17,1,0,7,0,1,"20,876",19.98,4,2500,1,1,0,0,0,0,0,6,6,0,0,16,1,0,2,1,116.55,42,42,0,0,7.07,0.07,0,0.21,0.14,14.34,25.25,25.25,0,0,2,2007,0,0,0
"14572084",42.89,0,0,7,0,2,"21,204",2.2,1,1800,1,1,0,0,0,0,0,3,0,0,0,48,177,12,13,33,125.8,58,58,57,0,5.65,4.99,1.28,0.37,0.22,1.55,16.59,12.61,3.98,0,0,2006,0,0,0
"94143862",79.72,0,4,22,0,4,"21,456",18.15,1,1400,1,0,0,0,0,0,0,0,0,0,0,19,3,0,20,1,92.5,60,60,28,1,5.37,0.03,0,1.03,0,0.17,21.22,20.67,0.54,0,0,2004,0,0,0
"8926131",68.42,0,0,12,0,1,"21,542",44.77,1,1400,1,1,0,0,0,0,0,3,0,0,0,64,1,0,11,10,112.85,60,12,60,1,5.57,0.03,0,1.14,0.08,3.51,21.1,0.05,21.05,0,0,2008,0,0,0
"555944",53.43,1,2,3,0,2,"21,58",2.05,1,1400,1,1,0,0,0,0,0,6,0,0,0,52,2,0,5,2,96.2,60,57,60,0,8.17,0.14,0,0.18,0.03,2.17,22.23,14.48,7.75,0,0,2008,1,0,1
"25915836",30.88,0,0,19,0,1,"21,652",2.24,1,1800,1,1,0,0,0,0,0,2,0,0,0,39,19,4,28,3,107.3,60,60,58,0,6.35,0.33,0.01,1.91,0.01,0.44,24.61,19.51,5.1,0,0,2008,0,1,0
"75114155",57.07,1,2,18,0,1,"21,948",29.33,2,1400,1,0,0,0,0,0,0,0,0,0,0,59,49,21,6,7,129.5,60,60,58,1,8.98,4.48,3.98,0.15,0.04,2.52,25.46,24.56,0.9,0.02,0,2008,0,0,0
"88545085",52.98,1,3,0,0,2,"22,223",33.48,7,2000,1,1,0,0,0,0,0,3,0,0,0,55,2,1,0,6,112.85,60,60,60,0,9.81,0.09,0,0,0.08,4.96,23.13,15.88,7.25,0,0,2006,0,1,0
"8945019",35.15,1,0,10,0,7,"22,548",13.65,1,1600,1,1,0,0,0,0,0,6,0,0,0,42,1,0,31,15,127.65,58,58,39,0,7.6,0.13,0,2.81,0.6,13.03,20.13,16.89,3.24,0,0,2003,0,0,0
"48165085",47.72,0,2,14,0,1,"22,729",1.77,1,2500,1,1,0,0,0,0,0,3,0,0,0,51,11,26,8,9,120.25,59,57,59,0,7.58,0.28,3.56,0.22,0.05,1.83,22.9,19.48,3.43,0,0,2009,0,0,0
"55632518",28.25,1,1,3,0,1,"23",3.35,1,2400,1,1,0,0,0,0,0,5,0,0,0,14,9,0,12,0,0,44,24,44,0,4.62,1.9,0,2.48,0,0,20.24,2.52,17.71,0,3,2009,0,0,0
"32214189",28.54,0,0,9,0,1,"23,014",3.19,5,2500,1,1,0,0,0,0,0,6,6,0,0,29,0,0,7,7,111,50,50,14,0,7.19,0,0,1.49,0.15,2.24,22.82,22.57,0.25,0,0,2008,0,0,1
"32274144",45.59,1,1,1,0,4,"23,175",1.8,1,1400,1,1,0,0,0,0,0,4,3,0,0,23,3,0,7,4,127.65,49,48,9,0,5.95,0.15,0,1.15,0.13,8.62,17.84,17.27,0.57,0,0,2008,0,1,0
"97771401",55.21,1,1,1,0,1,"23,299",2.76,2,1400,1,0,0,0,0,0,0,0,0,0,0,62,12,18,19,4,129.5,59,56,58,1,6.68,0.27,3.19,1.07,0.03,3.05,19.85,17.63,2.23,0,0,2007,0,0,0
"98243331",63.03,0,2,3,0,1,"23,4",3.24,1,2987,1,1,0,0,0,0,0,5,0,0,0,54,1,1,12,9,116.55,60,8,60,0,8.16,0,0.01,1.57,0.47,13.18,25.29,0.05,25.24,0,2,2008,0,0,0
"42345548",42.07,0,1,3,0,1,"23,518",2.17,1,1400,1,1,0,0,0,0,0,7,2,0,0,6,0,1,2,0,0,19,9,12,0,3.88,0,0.13,0.88,0,0,13,5.75,7.25,0,0,2009,0,0,0
"78135517",31.08,1,0,3,0,1,"23,618",2.14,1,1000,1,0,0,0,0,0,0,0,0,0,0,44,7,1,8,1,129.5,60,0,60,1,6.85,0.41,0,0.33,0.01,1.01,18.14,0,18.14,0,0,2006,0,0,0
"96842530",52.55,1,3,10,0,2,"23,656",3.16,7,1400,5,1,0,0,0,0,0,4,0,0,0,41,2,1,11,4,98.05,60,53,60,0,5.87,0.22,0.01,1.58,0.04,1.89,19.11,13.83,5.27,0,0,2006,0,0,0
"9972634",35.89,1,0,7,0,1,"24,084",18.92,1,2500,1,1,0,0,0,0,0,4,0,0,0,32,7,0,2,1,94.35,46,46,24,0,4.4,0.76,0,0.08,0.01,0.71,19.07,18.61,0.46,0,2,2006,0,0,0
"27877805",53.22,1,3,3,0,0,"24,5",33.1,1,3500,1,1,0,0,0,0,0,4,0,4,0,49,0,0,6,1,96.2,60,0,60,0,11.15,0,0,0.8,0.04,3.38,29.87,0,29.87,0,4,2008,0,0,0
"51256760",64.44,1,2,0,0,2,"24,703",13.98,1,3500,1,0,0,0,0,0,0,0,0,0,0,39,1,0,6,0,0,60,0,60,1,7.28,0.03,0,0.76,0,0,19.97,0,19.97,0.03,2,2007,0,1,0
"26045827",54.15,1,4,10,0,1,"24,767",3,2,2500,1,1,0,0,0,0,0,1,0,0,0,60,3,0,7,15,111,59,54,59,0,9.01,0.25,0,0.74,0.32,11.6,21.84,8.08,13.76,0,2,2007,0,0,0
"69177245",47.52,1,2,18,0,3,"25,067",3.1,0,1800,1,1,0,0,0,0,0,3,0,0,0,85,56,18,19,39,122.1,60,60,60,0,4.36,0.62,1.62,1.58,0.19,3.64,16.15,14.8,1.35,0,0,1998,0,0,0
"22762372",40.35,1,2,7,0,4,"25,2",2.23,1,1800,1,1,0,0,0,0,0,5,0,0,0,17,0,0,16,4,96.2,42,42,18,0,5.59,0,0,2.7,0.03,0.75,19.76,19.36,0.4,0,0,2006,0,0,0
"25720824",20.48,0,0,3,0,8,"25,365",1.03,6,1800,1,1,0,0,0,0,0,7,0,0,0,29,1,0,8,0,0,40,38,37,0,7.41,0.05,0,1.82,0,0,19.64,16.05,3.59,0,0,2002,0,0,0
"39304362",31.88,0,1,12,0,1,"25,455",1.02,1,1200,1,1,0,0,0,0,0,9,0,0,0,51,3,0,17,10,116.55,60,60,59,0,14.87,0.13,0,2.61,1.07,42.04,28.94,18.94,10,0,0,2003,0,1,0
"23731862",35.95,0,1,4,0,1,"25,462",13.76,1,2500,1,1,0,0,0,0,0,4,0,0,0,95,8,1,19,42,129.5,59,57,59,1,6.71,0.21,0,0.11,0.58,4.65,19.3,16.81,2.49,0,0,2008,0,0,0
"10916955",62.61,0,0,3,0,2,"25,468",1.03,1,1800,1,1,0,0,0,0,0,7,0,0,0,29,0,0,6,0,0,59,40,59,0,7.17,0,0,1.28,0,0,23.72,11.67,12.06,0,0,2008,0,0,0
"61848221",48.95,0,0,3,0,1,"25,544",33.71,1,1200,1,0,0,0,0,0,0,0,0,0,0,82,4,1,0,28,129.5,60,58,60,1,7.28,0.17,0,0,0.32,6.94,20.58,17.64,2.95,0,0,2008,0,0,0
"12652510",44.91,1,0,0,1,2,"25,63",25.76,1,1800,1,1,0,0,0,0,0,5,0,0,0,46,2,0,10,11,103.6,59,58,41,0,4.74,0.12,0,0.95,0.08,2.17,22.28,21.14,1.15,0,0,2006,0,0,0
"43500959",56.16,0,0,3,0,8,"25,679",1.53,1,1600,1,1,0,0,0,0,0,3,0,0,0,60,46,7,17,42,129.5,60,43,60,0,12.66,5.96,0.22,2.04,0.48,2.21,31.37,0.49,30.88,0,0,2002,0,0,1
"32548536",52.37,0,3,5,0,1,"25,698",0.93,1,2500,1,1,0,0,0,0,0,2,0,0,0,55,3,1,20,6,120.25,60,60,60,0,6.97,0.04,0,2.15,0.07,5.17,23.43,19.11,4.32,0,0,2006,0,0,0
"21021547",22.91,1,0,11,0,2,"25,736",3.68,4,1600,1,1,0,0,0,0,0,4,0,0,0,69,2,1,4,24,129.5,57,47,57,0,14.27,0.13,0.1,0.17,1.58,24.65,26.01,8.54,17.48,0,0,2008,0,1,0
"90626659",65.35,0,3,23,0,1,"25,829",38.01,1,2400,1,0,0,0,0,0,0,0,0,0,0,29,67,1,12,1,94.35,60,4,60,1,7.7,7.85,0.01,1.14,0,0.22,27.15,0.01,27.14,0,4,2007,0,0,0
"68631811",27.48,1,0,3,0,7,"25,844",1.82,1,1400,1,0,0,0,0,0,0,0,0,0,0,59,3,1,7,55,103.6,60,60,60,1,10.99,0.04,0,0.71,0.53,1.6,26.22,17.62,8.6,0,0,2002,0,0,0
"95825852",30.42,1,0,1,0,2,"26,109",1.91,1,1800,1,1,0,0,0,0,0,2,0,2,0,16,1,0,2,1,94.35,51,0,51,0,6.93,0.05,0,0.27,0.02,1.6,21.66,0,21.66,0,0,2001,0,0,0
"54399345",56.35,1,2,4,0,2,"26,173",3.08,1,1400,1,1,0,0,0,0,0,5,0,0,0,30,1,0,3,2,98.05,59,54,36,0,9.25,0.19,0,0.3,0.11,8.34,23.4,21.23,2.18,0,0,2007,0,0,0
"32610262",62.63,0,2,3,0,2,"26,187",32.88,1,1800,1,0,0,0,0,0,0,0,0,0,0,38,79,8,7,1,107.3,55,46,51,1,4.22,16.78,1.9,1.47,0.03,2.79,16.15,14.86,1.29,0.03,2,2008,0,0,0
"48317391",56.79,0,0,0,0,1,"26,569",1.62,1,2700,1,1,0,0,0,0,0,4,0,0,0,66,1,1,7,25,120.25,58,51,58,0,8.25,0.04,0.01,0.19,0.56,7.4,18.65,11.57,7.08,0,2,2009,0,0,0
"98727087",38.27,1,3,7,0,0,"26,651",3.75,1,1600,1,1,0,0,0,0,0,5,0,5,0,43,4,4,7,3,107.3,60,0,60,0,6.87,0.03,0.01,1,0.01,0.76,27.42,0,27.42,0,0,2006,0,0,0
"60848960",48.39,1,1,0,0,1,"26,749",3.23,7,1400,1,1,0,0,0,0,0,3,0,0,0,57,8,1,6,8,127.65,59,59,59,1,5.19,0.14,0,0.18,0.15,12.29,18.1,17.06,1.04,0,0,2006,1,0,0
"42249965",40.99,0,0,12,0,2,"26,848",6.56,1,2500,1,1,0,0,0,0,0,2,0,2,0,76,12,16,10,18,129.5,60,0,60,1,6.11,0.33,1.92,0.1,0.12,3.93,18.38,0,18.38,0,0,2007,0,0,0
"62736002",37.35,0,2,12,0,3,"27,113",9.59,1,1400,1,0,0,0,0,0,0,0,0,0,0,36,1,4,12,1,94.35,60,60,50,1,5.18,0,0.01,1.55,0.01,0.69,19.17,17.81,1.36,0,0,2007,0,0,0
"91636488",60.07,1,3,10,0,1,"27,122",28.31,1,3600,1,0,0,0,0,0,0,0,0,0,0,138,12,1,17,6,127.65,60,59,60,1,5.61,0.15,0,0.28,0.12,8.59,20.32,19.6,0.72,0,0,2007,0,1,0
"55333761",52.85,1,3,10,0,2,"27,205",28.08,1,1600,1,0,0,0,0,0,0,0,0,0,0,80,23,4,7,42,120.25,60,36,60,1,7.87,0.14,0.06,0.65,0.3,2.66,26.73,0.87,25.86,0.01,0,2007,0,0,0
"9104053",30.72,0,0,3,0,1,"27,317",2.77,1,2500,1,1,0,0,0,0,0,4,0,0,0,66,2,1,0,8,129.5,60,60,60,0,5.02,0.11,0.01,0,0.04,3.42,16.76,15.31,1.44,0,0,2007,0,0,0
"94660722",46.83,0,0,4,0,1,"27,743",14.27,7,2000,1,0,0,0,0,0,0,0,0,0,0,54,14,7,15,8,123.95,60,60,60,1,10.71,0.12,0.02,1.99,0.22,11.98,26.65,21.21,5.44,0,0,2008,0,0,1
"81549998",48.59,1,2,10,0,1,"28,182",2.76,1,2500,1,0,0,0,0,0,0,0,0,0,0,60,1,0,14,12,112.85,60,60,60,1,6.59,0,0,1.55,0.06,2.42,22.47,21.15,1.32,0,0,2008,0,0,0
"75600774",47.45,1,1,3,0,1,"28,489",1.53,1,1400,1,1,0,0,0,0,0,4,0,4,0,66,3,1,6,26,114.7,60,0,60,0,8.69,0.14,0.06,0.51,0.78,9.32,21.25,0,21.25,0,0,2009,0,1,1
"79593142",33.1,1,1,3,0,2,"29,045",1.03,1,1800,1,0,0,0,0,0,0,0,0,0,0,55,4,0,25,7,109.15,60,59,60,1,7.35,0.04,0,2.06,0.06,3.72,25.97,22.55,3.42,0,0,2008,0,1,1
"38483685",33.73,1,0,3,0,1,"29,304",14.18,1,2500,1,1,0,0,0,0,0,6,6,0,0,21,4,5,0,0,0,39,39,2,0,8.13,0.96,1.5,0,0,0,23.33,23.25,0.08,0,0,2007,0,0,0
"59152086",44.06,0,2,10,0,2,"29,545",2.72,4,1800,1,0,0,0,0,0,0,0,0,0,0,29,8,2,4,3,107.3,58,47,39,5,6.38,0.75,0.06,0.06,0.09,7.43,17.04,11.43,5.6,0.55,0,2007,0,0,0
"72217502",32.87,0,0,15,0,1,"30,256",23.82,1,1400,1,1,0,0,0,0,0,4,0,0,0,79,7,1,12,40,129.5,60,47,60,0,6.78,0.86,0,0.14,0.31,4.8,21.45,0.44,21.01,0,0,2008,0,0,0
"58558355",49.72,0,0,12,0,1,"32,023",26.19,1,1600,1,1,0,0,0,0,0,3,0,0,0,67,11,1,9,10,127.65,60,60,60,1,7.79,0.2,0.01,0.28,0.05,1.91,25.7,21.79,3.92,0,0,2006,0,0,0
"87195968",45.2,1,2,5,0,3,"32,164",3.17,7,2500,1,1,0,0,0,0,0,4,0,0,0,43,2,1,25,7,112.85,59,54,59,0,7.51,0.02,0.01,2.95,0.1,5.01,23.21,15.76,7.45,0,0,2006,0,0,0
"64913261",30.91,1,0,10,0,1,"32,3",27.08,1,1000,1,0,0,0,0,0,0,0,0,0,0,53,7,3,15,9,129.5,60,10,60,1,6.53,0.08,0.01,0.89,0.1,2.68,20.31,0.03,20.28,0,0,2007,0,0,0
"48367467",48.7,1,1,3,0,3,"32,455",2.28,2,1800,1,1,0,0,0,0,0,4,0,0,0,39,4,0,2,3,92.5,58,52,58,0,7.15,0.59,0,0.19,0.05,1.57,19.56,15.17,4.39,0,0,2001,0,0,0
"54630608",40.3,1,0,10,0,1,"32,456",12.28,1,1400,1,1,0,0,0,0,0,3,3,0,0,15,2,0,0,1,90.65,48,48,4,0,5.51,0.13,0,0,0.01,1.28,16.31,16.21,0.1,0,0,2002,0,0,0
"19112063",29.38,1,0,10,0,1,"32,562",2.74,4,1400,1,0,0,0,0,0,0,0,0,0,0,56,46,20,18,12,123.95,60,58,53,1,5.56,2.39,1.79,0.53,0.07,4.24,18.97,11.75,7.22,0.01,0,2007,0,0,0
"34513246",30.15,1,1,3,0,1,"32,596",2.81,1,1800,1,1,0,0,0,0,0,3,0,0,0,68,88,3,23,11,127.65,60,60,60,0,5.8,4.13,0.01,2.21,0.04,1.35,25.15,21.6,3.55,0,2,2006,0,0,0
"10408062",53.19,1,2,10,0,2,"32,923",33.34,1,1600,1,1,0,0,0,0,0,6,0,0,0,62,4,0,4,19,122.1,59,50,59,0,9.41,0.28,0,0.1,0.79,9.54,25.41,17.88,7.53,0,0,2006,0,1,0
"46193073",33.04,0,0,7,0,2,"33",13.01,1,2500,1,1,0,0,0,0,0,6,0,0,0,25,4,6,2,9,122.1,42,42,21,0,8.35,0.63,1.58,0.09,0.49,20.95,18.74,17.84,0.91,0,0,2006,0,0,0
"60732352",67.59,1,4,3,0,0,"33,17",36.02,1,1600,1,0,0,0,0,0,0,0,0,0,0,21,3,18,2,0,0,58,47,14,1,6.51,0.46,3.64,0.33,0,0,22.33,21.67,0.67,0.03,0,2008,0,0,0
"15849077",47.57,1,0,0,0,2,"33,654",2.1,1,1400,1,1,0,0,0,0,0,3,0,0,0,64,13,4,9,13,109.15,60,60,60,0,8.09,0.11,0.01,0.86,0.28,4.73,23.75,17.33,6.42,0,0,2007,0,0,0
"33353324",66.79,0,5,18,0,3,"33,731",41.88,1,2200,1,1,0,0,0,0,0,4,0,0,0,54,7,12,5,10,107.3,59,52,56,1,8.02,0.26,1.15,0.09,0.12,4.01,22.98,18.38,4.6,0,0,2005,0,0,0
"10659533",34.19,1,0,10,0,1,"33,794",17.22,7,1300,1,1,0,0,0,0,0,3,3,0,0,19,3,8,0,2,109.15,40,40,1,0,7.79,0.62,2.45,0,0.21,17.69,19.28,19.24,0.04,0,0,2005,0,0,0
"44278039",44.59,1,0,0,0,1,"33,83",12.6,1,2000,1,0,0,0,0,0,0,0,0,0,0,85,3,1,0,31,129.5,60,60,60,1,9.74,0.09,0,0,0.47,15.36,24,18.22,5.78,0,2,2006,0,0,0
"62091115",53.74,0,3,3,0,6,"33,898",1.59,1,2500,1,0,0,0,0,0,0,0,0,0,0,37,6,17,17,9,129.5,50,38,50,1,5.42,0.76,1.22,1.23,0.09,3.8,17.04,7.51,9.53,0.01,0,2004,0,0,0
"86855395",65.37,1,1,8,0,2,"34,41",12.06,1,1600,1,0,0,0,0,0,0,0,0,0,0,82,4,2,21,37,123.95,60,60,60,1,9.3,0.07,0.01,1.64,1.11,6.52,27.08,20.23,6.85,0,0,2008,0,0,0
"48488738",21.85,0,0,3,0,1,"34,505",2.08,1,2500,1,1,0,0,0,0,0,2,0,0,0,28,14,13,0,1,105.45,59,56,35,0,5.55,0.29,2.01,0,0,0.41,17.12,16.07,1.05,0,0,2006,0,0,0
"16033658",53.9,0,2,10,0,3,"34,638",38.27,1,2500,1,0,0,0,0,0,0,0,0,0,0,77,5,1,18,32,127.65,60,49,60,1,8.36,0.19,0,1.33,0.39,12.82,24.6,3.76,20.84,0.01,0,2005,0,0,0
"36883138",38.05,1,2,18,0,3,"34,889",1.28,1,1400,1,1,0,0,0,0,0,4,0,0,0,40,7,1,15,1,105.45,60,52,60,0,4.58,0.09,0,1.33,0.01,0.6,21.07,18.83,2.24,0,0,2007,0,0,0
"96658460",45.9,1,3,10,0,1,"35,12",26.03,1,2500,1,1,0,0,0,0,0,5,0,0,0,17,3,0,2,0,0,40,39,34,0,7.63,0.41,0,0.05,0,0,22.93,20.76,2.17,0,0,2007,0,2,0
"82209492",50.67,1,2,2,0,2,"35,137",1.45,1,2500,1,1,0,0,0,0,0,3,0,0,0,79,12,4,7,37,123.95,60,52,57,0,8.92,0.69,0.15,0.92,1.03,7.63,23.16,8.26,14.91,0,0,2008,0,0,0
"16357470",26.85,0,0,12,0,1,"35,458",1.53,4,2500,1,1,0,0,0,0,0,5,0,0,0,26,9,1,8,1,107.3,50,49,40,0,4.87,0.09,0.02,0.3,0.01,0.77,17.95,15.3,2.66,0,0,2006,0,0,0
"69391605",32.07,0,0,7,0,2,"35,644",13.24,4,2000,1,1,0,0,0,0,0,3,0,3,0,48,4,2,10,9,107.3,60,0,60,1,7.4,0.25,0.07,1.78,0.25,11.09,22.89,0,22.89,0,0,2006,0,0,0
"78699390",45.39,1,1,10,0,1,"35,712",2.96,1,1800,1,1,0,0,0,0,0,4,0,0,0,40,10,0,5,6,94.35,54,54,45,0,8.94,1.1,0,0.11,0.14,2.97,22.4,17.79,4.6,0,2,2007,0,0,0
"32553863",38.21,0,2,4,0,2,"35,738",0.99,1,1400,1,1,0,0,0,0,0,5,1,0,0,22,1,0,7,0,0,59,59,7,0,4.11,0.01,0,0.91,0,0,19.88,19.47,0.41,0,0,2007,0,0,0
"59135432",63.81,1,2,5,0,1,"35,95",40.01,1,2400,1,1,0,0,0,0,0,2,0,2,0,40,0,0,2,1,90.65,56,0,56,0,9.52,0,0,0.36,0.04,3.63,25.96,0,25.96,0,4,2006,0,0,0
"65958346",40.52,0,0,10,0,2,"36,071",17.99,1,3000,1,1,0,0,0,0,0,4,0,4,0,26,11,8,6,0,0,59,0,59,0,6.89,0.28,0.06,0.97,0,0,23.69,0,23.69,0,0,2004,0,0,0
"35287590",16.65,1,2,3,0,1,"36,267",17.68,1,1600,1,1,0,0,0,0,0,4,0,0,0,52,2,1,13,8,116.55,60,10,60,0,5.63,0.05,0.01,1.54,0.08,5.46,21.09,0.06,21.04,0,0,2003,0,0,0
"35135442",32.64,1,0,10,0,3,"36,528",3,1,3000,1,1,0,0,0,0,0,7,0,0,0,25,6,5,0,0,0,44,23,36,0,7.31,1.23,1.12,0,0,0,20.73,3.85,16.88,0,0,2005,0,0,0
"45918383",28.5,1,0,10,0,2,"36,631",3.15,7,1600,1,1,0,0,0,0,0,7,7,0,0,13,1,0,11,0,0,28,28,3,0,5.58,0.05,0,1.16,0,0,15.47,15.16,0.32,0,0,2006,0,0,0
"65848810",42.36,0,1,3,0,0,"36,965",13.32,1,2500,1,1,0,0,0,0,0,5,0,0,0,26,0,0,6,0,0,49,49,16,0,6.68,0,0,0.75,0,0,19.89,17.89,2,0,0,2006,0,0,0
"55286337",43.5,0,0,3,0,3,"37,406",1.48,1,2500,1,0,0,0,0,0,0,0,0,0,0,61,7,16,17,50,127.65,60,54,60,1,7.28,0.14,0.18,1.11,0.77,4.63,22.87,3.24,19.63,0,0,2007,0,0,0
"41740561",61.13,1,7,20,0,3,"37,555",6.01,1,2500,1,1,0,0,0,0,0,2,0,0,0,74,9,2,11,36,116.55,60,50,60,0,12.87,0.1,0.02,1.4,2.21,27.84,26.99,3.1,23.89,0,0,2006,0,0,0
"26793133",57.34,1,3,4,0,7,"37,817",0.94,1,1600,1,0,0,0,0,0,0,0,0,0,0,49,18,3,15,9,129.5,60,60,60,1,8.54,0.35,0.03,1.41,0.29,20.27,31.38,28.98,2.4,0,0,1995,0,0,1
"31172933",37.8,0,2,15,0,2,"37,982",1.48,1,1800,1,1,0,0,0,0,0,6,0,0,0,75,11,1,2,30,127.65,59,38,59,1,12.42,0.56,0.01,0.15,1.5,20.81,22,10.61,11.39,0.01,0,2008,0,0,0
"28393149",48.39,1,0,4,0,6,"38,067",10.15,1,1800,1,1,0,0,0,0,0,3,0,0,0,53,12,0,5,11,125.8,58,55,31,0,7.68,1.1,0,0.1,0.13,4.59,21.47,20.59,0.87,0,0,2002,0,0,0
"98935478",64.38,0,2,18,0,4,"38,245",7.54,1,1400,1,0,0,0,0,0,0,0,0,0,0,84,4,1,6,46,125.8,60,48,60,1,7.5,0.24,0.02,0.25,0.09,1.76,19,9.61,9.39,0,0,2004,0,0,1
"59774774",46.31,1,2,18,0,2,"38,919",2.22,1,1400,4,0,0,0,0,0,0,0,0,0,0,46,3,1,10,1,101.75,60,60,60,2,7.25,0.12,0,0.98,0,0.5,20.97,19.11,1.86,0,0,2008,0,0,0
"38080849",43.24,1,2,3,0,3,"38,95",2.94,2,1800,1,2,0,0,0,0,0,11,11,0,0,6,0,0,0,0,0,20,20,0,0,3.33,0,0,0,0,0,16,16,0,0,0,2005,0,0,0
"21744051",44.6,1,2,10,0,2,"39,062",1,1,1600,1,0,0,0,0,0,0,0,0,0,0,69,1,1,18,4,101.75,60,60,60,1,6.14,0,0,0.95,0.01,0.58,22.01,17.77,4.24,0,0,2008,0,1,0
"97370067",38.11,1,2,7,0,3,"39,121",2.72,1,1400,1,0,0,0,0,0,0,0,0,0,0,46,1,0,10,44,105.45,60,37,60,1,6.5,0,0,1.3,0.22,0.82,23.24,0.55,22.7,0,0,2006,0,0,0
"049544",66.98,1,2,7,0,4,"39,273",40.33,1,2500,1,1,0,0,0,0,0,5,0,0,0,36,2,0,0,1,96.2,59,51,59,0,8.72,0.14,0,0,0.14,12.9,21.94,15.31,6.64,0,0,2004,0,0,0
"82150561",55.66,1,1,10,0,6,"39,436",3.21,7,1000,1,1,0,0,0,0,0,6,6,0,0,19,2,0,0,0,0,51,51,1,0,6.74,0.21,0,0,0,0,20.42,20.32,0.11,0,0,2002,0,0,0
"85675857",38.52,1,2,3,0,2,"39,494",2.25,1,1800,1,1,0,0,0,0,0,5,0,0,0,62,1,0,0,1,122.1,59,50,57,0,10.16,0.04,0,0,0.12,12.65,24.88,19.51,5.37,0,0,2007,0,0,0
"005947",26.22,1,0,10,0,1,"39,779",1.02,1,2500,1,1,0,0,0,0,0,3,0,0,0,84,1,2,20,26,127.65,60,60,60,0,6,0.01,0,2.04,0.13,2.65,21.19,18.95,2.25,0,0,2006,0,0,0
"72535949",58.28,1,3,10,0,5,"39,812",0.66,4,2500,1,1,0,0,0,0,0,3,1,0,0,34,1,1,10,2,99.9,60,60,52,0,4.49,0.02,0,1.3,0.01,0.39,18.24,16.26,1.98,0,0,2007,0,1,0
"60564579",42.01,0,1,23,0,2,"40,17",2.76,1,1800,1,1,0,0,0,0,0,5,5,0,0,14,10,0,4,0,0,42,42,1,0,3.56,1.47,0,0.14,0,0,14.56,14.53,0.02,0,0,2000,0,0,0
"53170078",50.27,1,2,12,0,4,"40,706",1.02,1,1400,1,1,0,0,0,0,0,9,0,9,0,80,0,0,15,27,123.95,60,0,60,0,22.05,0,0,4.71,4.76,48.63,31.1,0,31.1,0,0,2007,0,1,0
"13492138",40.71,0,2,4,0,3,"40,852",18.24,1,2500,1,0,0,0,0,0,0,0,0,0,0,42,12,36,15,10,129.5,58,58,58,1,5.8,0.79,1.15,0.67,0.06,4.43,20.38,19.33,1.04,0,0,2005,0,0,0
"29094740",50.28,0,2,13,0,2,"40,882",2.25,1,1400,1,0,0,0,0,0,0,0,0,0,0,68,27,55,18,17,127.65,60,60,60,2,5.23,0.58,6.51,2.21,0.06,2.63,19.17,17.14,2.02,0,0,2007,0,0,0
"17090532",56.06,1,1,12,0,3,"41,073",38.34,1,1800,1,1,0,0,0,0,0,4,0,0,0,34,5,9,3,6,103.6,44,44,30,0,6.69,0.59,3.53,0.22,0.37,15.78,19.61,18.55,1.06,0,0,2005,0,0,0
"509786",58.53,0,2,3,0,2,"41,27",8.41,5,2500,1,0,0,0,0,0,0,0,0,0,0,52,3,1,0,4,112.85,59,57,59,2,8.19,0.24,0,0,0.04,2.62,21.68,10.67,11.01,0,0,2006,0,0,0
"54809960",79.28,1,2,0,0,12,"41,297",60.94,1,1300,1,0,0,0,0,0,0,0,0,0,0,25,4,12,5,0,0,57,57,0,1,4.02,0.34,2.01,0.26,0,0,16.51,16.51,0,0,0,1996,0,0,0
"5756535",46.97,0,2,7,0,0,"41,855",28.07,1,2500,1,1,0,0,0,0,0,3,0,0,0,72,11,3,23,35,127.65,60,37,60,1,10.61,0.3,0.03,2.1,0.8,22.52,26.83,0.58,26.25,0.01,0,2005,0,0,0
"13064115",39.69,0,0,7,0,4,"42,578",20.01,1,2500,1,0,0,0,0,0,0,0,0,0,0,69,4,1,17,13,122.1,60,60,60,1,7.97,0.18,0.01,1.25,0.04,2.5,25.92,24.04,1.88,0,0,2009,0,0,0
"92666994",71.78,0,4,6,0,3,"43,064",51.15,1,1800,1,0,0,0,0,0,0,0,0,0,0,52,13,23,16,10,122.1,58,53,57,1,9.63,1.4,2.68,0.51,0.49,11.63,25.49,13.56,11.93,0,0,2005,0,0,0
"15048065",28.09,1,0,10,0,2,"43,893",2.75,1,1400,1,1,0,0,0,0,0,2,0,0,0,65,17,12,6,24,123.95,60,60,60,0,10.12,0.64,1.2,0.35,0.28,12.28,22.15,18.83,3.31,0,0,2007,1,1,0
"34959545",29.83,1,0,10,0,2,"44",13.31,1,2500,1,1,0,0,0,0,0,7,7,0,0,10,1,3,2,0,0,40,40,0,0,5.33,0.22,1.11,0.44,0,0,18.67,18.67,0,0,0,2005,0,1,0
"6897870",41.91,0,1,4,0,2,"44,096",14.16,1,1800,0,0,0,0,0,0,0,0,0,0,0,36,4,1,14,5,118.4,60,0,60,1,7.01,0.35,0,2,0.15,10.42,23.51,0,23.51,0,0,2006,0,0,0
"83394509",55.48,0,0,18,0,5,"44,733",1.11,1,1400,1,1,0,0,0,0,0,3,0,0,0,30,4,6,4,0,0,58,43,58,0,6.1,0.9,1.43,0.2,0,0,20.17,17.25,2.92,0,0,2006,0,1,0
"77785633",55.96,1,2,3,0,2,"44,884",2.62,1,1400,1,1,0,0,0,0,0,3,0,0,0,58,6,1,9,13,129.5,60,59,60,1,8.25,0.05,0,0.15,0.18,7.31,24.05,21.12,2.93,0,0,2008,0,1,0
"57484091",40.9,0,2,21,0,1,"45",3.19,5,1300,1,1,0,0,0,0,0,10,0,0,0,58,11,1,0,10,98.05,58,36,58,0,10.67,1.42,0.08,0,0.83,8.17,23.75,15.33,8.42,0,0,2006,0,0,0
"49270790",57.57,0,1,0,0,8,"45,083",15.4,1,1600,1,1,0,0,0,0,0,4,0,0,0,52,2,1,8,2,99.9,60,60,60,0,6.64,0.01,0,0.66,0.01,0.95,24.4,17.79,6.61,0,0,2000,0,0,1
"72200658",39.23,1,0,7,0,3,"45,198",2.2,1,1800,1,0,0,0,0,0,0,0,0,0,0,38,2,1,11,1,114.7,60,58,59,1,5.45,0.02,0.01,1.29,0.01,0.94,19.67,12.97,6.7,0,0,2006,0,0,0
"57872529",41.57,1,0,6,0,3,"45,199",1.04,4,1600,1,1,0,0,0,0,0,3,0,0,0,43,1,1,15,4,120.25,60,60,60,1,5.86,0,0,1.34,0.07,5.41,20.55,18.82,1.72,0,0,2008,0,0,0
"37747852",29.96,1,1,10,0,0,"45,661",18.24,1,2000,1,0,0,0,0,0,0,0,0,0,0,67,102,1,12,26,129.5,60,60,58,2,13.43,1.28,0,0.46,2.03,37.19,24.52,17.81,6.71,0.02,0,2005,1,0,0
"56088854",23.32,0,0,7,0,1,"45,787",3.92,1,2000,1,0,0,0,0,0,0,0,0,0,0,121,2,1,0,6,129.5,58,58,55,1,7.16,0.16,0.01,0,0.08,6.1,22.2,20.72,1.48,0,0,2003,1,0,0
"77787188",86.03,1,5,7,0,4,"45,895",75.92,1,1300,1,0,0,0,0,0,0,0,0,0,0,15,32,8,8,1,120.25,50,48,29,1,3.32,2.77,0.98,0.08,0,0.13,17.2,16.78,0.42,0,0,2005,0,0,1
"16341476",28.61,1,0,11,0,2,"46",8.33,2,1400,1,1,0,0,0,0,0,3,0,3,0,28,1,0,0,0,0,58,0,58,0,7.7,0.1,0,0,0,0,23.5,0,23.5,0,0,2006,1,0,0
"55457253",48.34,0,3,5,0,2,"46,152",16.15,1,1600,1,1,0,0,0,0,0,3,0,3,0,28,3,3,8,27,99.9,60,0,60,0,5.84,0.06,0.03,1.28,0.37,3.63,21.39,0,21.39,0,0,2004,0,0,0
"90270582",52.29,1,3,12,0,2,"46,303",0.99,1,1800,1,1,0,0,0,0,0,4,0,0,0,37,1,1,11,1,90.65,60,60,60,0,4.09,0.01,0,1.23,0,0.09,19.66,19.15,0.51,0,0,2007,1,1,0
"7213108",57.22,1,2,3,0,2,"46,966",2.78,1,2500,1,0,0,0,0,0,0,0,0,0,0,58,3,0,12,8,107.3,60,0,60,1,7.45,0,0,1.45,0.11,3.42,20.73,0,20.73,0,0,2006,0,0,0
"99046034",41.93,1,1,3,0,6,"47,166",2.12,3,1200,1,1,0,0,0,0,0,5,0,0,0,32,3,2,2,2,94.35,53,44,53,0,8.75,0.46,0.29,0.13,0.08,3.93,21.58,15.38,6.21,0,0,2003,1,0,0
"38598444",44.42,0,0,3,0,4,"47,502",1.51,1,2500,1,1,0,0,0,0,0,4,4,0,0,15,1,1,5,1,109.15,50,48,3,0,6.03,0.01,0.04,0.27,0.03,2.56,19.5,19.32,0.18,0,0,2007,0,0,0
"54076812",48.77,0,0,19,0,4,"47,543",7.75,1,1000,1,0,0,0,0,0,0,0,0,0,0,69,62,4,5,20,112.85,60,55,59,1,7.71,0.58,0.03,0.32,0.15,1.76,24.84,3.49,21.35,0,0,2003,0,0,0
"38265793",27.54,1,0,3,0,3,"47,707",0.99,4,2000,1,0,0,0,0,0,0,0,0,0,0,40,2,1,71,3,101.75,60,60,56,1,8.52,0.07,0,8.67,0.06,4.82,27.18,21.34,5.84,0.01,0,2004,0,0,0
"78239883",53.1,0,3,18,0,4,"47,728",26.21,1,1000,1,0,0,0,0,0,0,0,0,0,0,48,12,1,19,10,99.9,60,59,60,1,6.25,0.19,0,1.37,0.01,0.26,21.05,16.51,4.53,0,0,2003,0,0,0
"34413875",76.2,1,3,7,0,4,"48,138",58.27,7,2500,1,1,0,0,0,0,0,5,0,5,0,31,9,6,6,1,107.3,60,0,60,1,5.68,0.18,0.07,0.68,0.03,3.01,20.77,0,20.77,0,0,2004,0,0,0
"75099953",29.67,0,0,4,0,3,"48,225",1.04,1,1800,1,0,0,0,0,0,0,0,0,0,0,52,1,1,22,10,118.4,60,59,60,1,6.68,0.03,0,1.99,0.07,3.36,22.35,17.67,4.68,0,0,2007,0,0,0
"38586923",54.6,1,3,10,0,3,"49,715",1.2,1,1600,1,0,0,0,0,0,0,0,0,0,0,57,15,24,10,12,129.5,60,58,52,1,6.32,0.37,0.67,0.36,0.16,6.89,20.27,17.81,2.46,0.01,0,2008,1,1,0
"1676825",44.77,1,1,3,0,1,"49,889",2.82,1,2500,1,0,0,0,0,0,0,0,0,0,0,84,34,2,22,11,129.5,60,58,58,2,7.56,0.26,0.02,0.51,0.37,19.38,19.22,16.16,3.05,0.01,0,2005,0,0,0
"26478544",82.41,0,0,12,0,9,"50,213",10.72,1,2500,1,0,0,0,0,0,0,0,0,0,0,12,0,0,5,0,0,54,54,16,1,2.6,0,0,0.46,0,0,16.63,16.38,0.25,0.01,0,1999,0,0,0
"63736155",50.22,0,1,3,0,3,"50,303",2.75,1,1300,1,1,0,0,0,0,0,3,0,0,0,42,3,7,3,0,0,60,57,56,0,4.44,0.09,1.08,0.2,0,0,17.72,12.9,4.82,0,0,2004,0,0,0
"76520371",44.93,1,2,0,0,4,"50,506",23.76,1,2500,1,0,0,0,0,0,0,0,0,0,0,58,6,1,12,20,127.65,58,47,58,1,8.21,0.22,0,0.48,0.21,8.13,20.37,13.14,7.24,0,0,2006,0,0,0
"11898992",28.35,1,0,4,0,2,"50,665",1.95,1,2500,1,1,0,0,0,0,0,5,0,0,0,36,11,21,2,7,112.85,55,39,43,0,8.55,0.72,3.61,0.15,0.34,13.28,21.2,17.4,3.8,0,0,2007,0,0,1
"78162472",41.98,0,0,7,0,1,"51,218",9.92,1,1600,1,1,0,0,0,0,0,4,0,0,0,40,2,1,4,1,99.9,58,39,53,1,8.78,0.1,0.03,0.12,0.03,3.18,23.77,16.82,6.95,0.02,0,2005,0,0,0
"83912561",48.56,1,1,12,0,3,"51,542",19.66,1,2500,1,1,0,0,0,0,0,5,0,0,0,42,2,0,2,12,103.6,56,36,46,0,7.04,0.19,0,0.17,0.42,16.54,17.29,12.13,5.15,0,0,2006,0,0,1
"52771266",51.2,1,1,21,0,1,"52",31.43,1,1200,1,0,0,0,0,0,0,0,0,0,0,44,3,0,10,2,125.8,60,0,60,1,3.65,0.05,0,0.93,0.02,1.54,15.75,0,15.75,0,0,2003,0,0,0
"83793085",61.46,0,0,3,0,2,"52,014",2.25,1,1400,1,0,0,0,0,0,0,0,0,0,0,27,6,9,10,23,107.3,60,60,23,1,5.59,0.11,0.28,1.2,0.08,3.34,21.04,20.28,0.77,0,0,2005,0,0,0
"50200012",39.92,1,2,19,0,0,"52,511",18.24,2,1200,1,1,0,0,0,0,0,4,0,0,0,43,1,1,4,0,0,58,58,58,0,8.87,0.02,0.02,0.24,0,0,25.71,22.89,2.82,0,0,2003,0,0,0
"51467267",50.04,0,2,10,0,3,"52,595",1.51,1,2500,1,1,0,0,0,0,0,2,0,0,0,41,3,1,37,3,125.8,60,60,56,0,6.06,0.09,0,1.86,0.07,5.8,22.58,21.63,0.95,0,0,2007,0,0,0
"87923745",28.41,1,0,10,0,1,"52,652",1.84,1,2500,5,0,0,0,0,0,0,0,0,0,0,66,34,35,11,25,123.95,59,55,58,2,6.86,2.05,5.16,1.09,0.3,5.67,19.6,15.77,3.83,0.02,0,2006,0,0,0
"57108929",65.16,1,3,18,0,1,"52,675",2.59,1,1800,1,0,0,0,0,0,0,0,0,0,0,85,5,1,12,41,118.4,60,60,60,1,13.37,0.15,0.01,1.36,0.77,12.83,29.19,15.59,13.61,0.01,2,2007,0,0,0
"7868705",36.7,1,0,4,0,1,"52,761",19.69,1,2500,1,0,0,0,0,0,0,0,0,0,0,75,5,1,17,36,112.85,60,60,60,2,9.44,0.03,0,1.11,0.17,4.54,26.22,21.82,4.4,0,0,2006,0,0,0
"41868449",41.52,0,1,19,0,1,"53,156",1.9,1,1400,1,0,0,0,0,0,0,0,0,0,0,41,8,3,11,2,120.25,60,0,60,3,4.05,0.42,0.07,1.11,0.02,1.64,16.06,0,16.06,0.43,0,2006,1,0,0
"4824528",67.4,0,0,7,0,2,"53,665",3.2,5,1800,1,1,0,0,0,0,0,4,0,0,0,69,4,0,39,11,127.65,60,60,60,0,9.64,0.09,0,2.65,0.27,15.12,23.56,15.11,8.45,0,2,2004,0,0,0
"78938561",30.26,1,1,3,0,1,"53,938",2.74,1,2500,1,0,0,0,0,0,0,0,0,0,0,75,8,1,24,35,116.55,60,51,60,1,10.16,0.24,0.02,1.16,0.34,5.98,25.41,5.07,20.34,0.04,2,2006,0,0,0
"41638600",49.87,0,2,3,0,2,"54,218",14.3,1,1400,1,1,0,0,0,0,0,2,0,0,0,45,13,1,0,13,129.5,58,57,46,0,7.92,0.22,0.01,0,0.28,10.75,20.83,17.84,2.99,0,0,2006,0,0,0
"69312840",41.38,0,2,9,0,2,"54,288",6.35,1,2500,2,0,0,0,0,0,0,0,0,0,0,68,2,2,15,42,120.25,60,60,60,1,9.02,0.11,0.01,0.97,0.19,4.09,25.85,13.48,12.37,0,0,2007,2,0,0
"21023024",69.21,1,3,0,0,2,"54,635",5.45,1,2500,1,1,0,0,0,0,0,6,6,0,0,15,1,0,6,0,0,40,40,0,0,4.19,0.09,0,0.5,0,0,15.47,15.47,0,0,0,2004,0,0,0
"31364614",26.53,0,0,3,0,4,"54,879",8.06,1,2500,1,1,0,0,0,0,0,3,0,0,0,44,2,1,7,11,129.5,59,41,59,0,6.18,0.16,0,0.86,0.08,2.3,21.25,2.38,18.87,0,0,2004,0,1,0
"17170026",31.51,1,0,3,0,1,"54,901",1.49,1,2500,1,1,0,0,0,0,0,5,0,0,0,59,1,0,26,7,105.45,60,42,60,0,9.15,0.16,0,0.56,0.13,1.92,21.91,18.02,3.89,0,0,2007,0,1,0
"13711062",34.32,1,0,7,0,2,"55,121",3.74,7,1600,1,1,0,0,0,0,0,5,0,5,0,12,7,0,0,1,103.6,42,0,42,0,3.39,1.35,0,0,0.04,3.41,15.72,0,15.72,0,0,2005,0,0,0
"95520994",58.42,1,2,12,0,5,"55,128",13.27,2,1400,1,1,0,0,0,0,0,3,0,0,0,49,3,1,0,8,129.5,59,57,48,1,6.56,0.14,0,0,0.04,2.47,20.07,18.73,1.35,0,0,2004,0,0,0
"16507799",51.75,1,1,3,0,6,"55,321",33.74,1,1300,1,0,0,0,0,0,0,0,0,0,0,57,4,1,7,21,105.45,60,60,58,1,4.99,0.19,0,0.4,0.15,1.51,19.66,18.43,1.23,0,0,2003,0,0,0
"73391973",32.66,0,0,10,0,0,"55,555",6.22,1,2500,1,1,0,0,0,0,0,7,0,7,0,13,2,0,0,0,0,29,0,29,0,3.62,0.23,0,0,0,0,17.85,0,17.85,0,0,2005,0,0,1
"95482570",52.45,0,1,3,0,2,"56,112",1.84,1,1800,1,1,0,0,0,0,0,5,0,0,0,38,5,0,3,2,101.75,60,60,51,0,7.26,0.77,0,0.19,0.05,3.1,22.77,20.26,2.52,0,0,1995,0,0,0
"8246241",56.28,0,1,4,0,2,"56,324",16.16,1,1600,1,1,0,0,0,0,0,5,0,0,0,66,4,1,13,16,111,60,60,60,0,9.63,0.11,0.01,1.89,0.18,4.91,26.36,16.89,9.47,0,0,2007,0,0,0
"97162913",33.17,0,1,3,0,1,"56,544",1.21,2,1600,1,0,0,0,0,0,0,0,0,0,0,66,118,1,0,24,129.5,60,49,60,2,5.76,2.58,0,0,0.23,4.29,18.07,15.87,2.19,0.07,0,2006,0,0,0
"46571963",42.88,0,2,18,0,1,"56,576",2.24,1,2500,1,0,0,0,0,0,0,0,0,0,0,77,24,1,35,39,125.8,59,48,59,2,9.98,0.38,0.02,1.02,0.97,13.51,22.2,11.95,10.25,0.01,0,2006,0,0,0
"5206293",28.48,1,0,21,0,1,"57,689",3.11,1,1400,1,0,0,0,0,0,0,0,0,0,0,60,4,1,14,14,120.25,60,57,60,2,7.36,0.16,0.01,1.24,0.12,4.44,20.87,19.23,1.64,0.01,0,2002,0,0,0
"16001846",26.08,0,0,12,0,6,"58,017",3.04,4,1000,1,0,0,0,0,0,0,0,0,0,0,45,9,1,13,5,107.3,60,58,60,1,5.79,0.06,0.01,1.48,0.03,1.91,20.16,17.49,2.67,0,0,2002,1,0,0
"34981949",51.29,1,2,10,0,3,"58,687",23.74,2,2500,1,1,0,0,0,0,0,4,0,4,0,68,6,10,2,27,118.4,57,0,57,0,15.45,0.69,2.21,0.13,2.1,20.11,28.9,0,28.9,0,0,2005,0,0,0
"55524348",52.27,1,4,12,0,2,"58,895",35.34,1,2500,1,0,0,0,0,0,0,0,0,0,0,86,10,5,14,22,120.25,60,59,60,1,7.27,0.2,0.02,2.28,0.12,2.55,21.75,19.81,1.95,0.01,0,2007,0,0,0
"14379804",87.67,1,4,2,0,4,"59,382",50.28,1,1400,1,1,0,0,0,0,0,6,0,6,0,33,1,0,9,1,112.85,56,0,56,0,7.02,0.1,0,2.19,0.02,2.69,27.74,0,27.74,0,0,2000,1,1,0
"38562233",31,1,0,10,0,5,"59,506",2.99,1,1600,1,0,0,0,0,0,0,0,0,0,0,68,5,2,21,1,129.5,60,60,60,1,16.36,0.55,0.02,2.25,0.05,5.25,37.32,4.44,32.88,0.01,0,1993,0,0,1
"40942824",42.25,1,1,18,0,2,"59,862",25.42,1,2500,1,1,0,0,0,0,0,7,0,7,0,85,2,0,2,42,127.65,60,0,60,0,11.48,0.22,0,0.24,1.01,11.56,24.09,0,24.09,0,0,2007,0,0,0
"86097244",64.42,0,2,4,0,3,"60",16.15,1,1800,2,0,0,0,0,0,0,0,0,0,0,36,19,4,8,6,122.1,60,60,60,1,4.91,0.56,0.04,0.89,0.03,0.78,19.33,7.7,11.63,0,0,2005,1,0,0
"54340399",32.57,1,1,18,0,4,"60,529",0.74,1,1400,1,1,0,0,0,0,0,3,0,0,0,55,11,1,19,15,118.4,60,60,59,0,5.38,0.07,0,2.16,0.22,8.49,17.45,14.53,2.92,0,0,2007,0,1,0
"71834193",44.67,1,1,3,0,4,"60,763",1.54,1,1600,1,0,0,0,0,0,0,0,0,0,0,34,5,10,8,1,101.75,54,54,36,1,4.03,0.31,0.97,0.32,0.05,4.18,12.84,12.24,0.6,0.01,0,2002,0,1,0
"27685943",54.38,1,3,10,0,2,"60,903",36.36,1,1800,1,0,0,0,0,0,0,0,0,0,0,59,18,5,16,12,122.1,60,60,59,2,6.82,0.99,0.01,1.52,0.08,5.24,21.47,20.21,1.26,0,0,2003,0,0,0
"10350651",33.62,1,0,10,0,3,"60,94",1.5,1,1800,1,1,0,0,0,0,0,2,0,0,0,72,2,0,0,14,111,58,2,58,0,8.55,0.1,0,0,0.1,2.69,22.56,0.01,22.55,0,0,2005,0,1,0
"95166023",50.21,1,1,19,0,5,"60,949",1.47,1,1400,1,1,0,0,0,0,0,3,0,0,0,47,35,13,40,10,129.5,60,23,60,0,8.84,0.59,1.51,0.92,0.21,7.91,21.06,0.05,21.01,0,0,2006,0,0,0
"5115801",51.27,1,3,1,0,1,"61,038",14.9,4,1800,1,1,0,0,0,0,0,5,0,5,0,28,0,0,4,22,94.35,41,0,41,0,4.79,0,0,1.07,1.57,6.74,16.21,0,16.21,0,0,1995,0,0,0
"83062490",55.98,1,2,10,0,3,"62,192",17.9,2,1600,1,0,0,0,0,0,0,0,0,0,0,56,4,1,19,6,129.5,58,58,44,2,10.11,0.13,0,0.73,0.07,4.27,23.72,13.66,10.06,0,0,2005,0,0,0
"34869183",44.04,0,0,18,0,0,"62,63",3.22,1,2000,1,1,0,0,0,0,0,4,0,4,0,35,1,1,10,2,94.35,60,0,60,0,9.6,0.12,0.01,0.75,0.01,0.37,30.88,0,30.88,0,0,2003,0,0,0
"86160113",55.79,1,1,10,0,4,"63,035",37.04,1,1000,1,0,0,0,0,0,0,0,0,0,0,43,10,2,21,6,112.85,60,60,60,2,13.83,0.48,0.01,2.3,0.06,3.37,41.26,35.42,5.84,0,0,2004,0,0,0
"78600298",56.02,1,2,3,0,2,"63,298",2.25,1,2200,1,1,0,0,0,0,0,4,0,0,0,94,24,1,0,39,129.5,60,58,60,1,12.44,0.41,0,0,0.78,15.63,25.36,13.05,12.31,0,0,2004,0,0,0
"54829491",45.53,0,2,3,0,0,"63,736",29.33,1,1600,1,1,0,0,0,0,0,5,0,5,0,13,0,0,6,0,0,51,0,51,0,4.96,0,0,1,0,0,21.43,0,21.43,0,0,2003,0,0,0
"14903917",56.58,0,1,21,0,2,"64,199",26.42,1,1600,1,1,0,0,0,0,0,3,0,0,0,72,14,4,10,23,122.1,60,58,60,0,8.85,0.61,0.04,0.99,0.12,2.99,27.13,2.04,25.09,0,0,2004,0,0,0
"70152429",39.52,1,1,4,0,2,"64,259",2.12,1,2500,1,0,0,0,0,0,0,0,0,0,0,70,2,0,14,30,111,60,60,60,1,10.05,0.04,0,1.99,1.63,28.55,23.45,17.64,5.82,0,0,2003,0,0,0
"28028375",41,0,0,9,0,1,"64,521",30.98,1,2500,1,0,0,0,0,0,0,0,0,0,0,68,12,17,12,33,129.5,60,58,60,1,6.79,0.74,0.99,0.28,0.14,2.83,22.84,21.14,1.69,0,0,2004,0,0,0
"17274166",51.56,1,0,3,0,4,"64,587",7.47,1,2500,1,1,0,0,0,0,0,4,0,0,0,71,4,6,15,14,125.8,60,60,60,1,7.46,0.02,0.01,1.12,0.11,2.66,22.85,21.04,1.81,0,0,2005,0,0,0
"39406475",49.48,0,2,7,0,3,"64,605",2.2,1,1400,1,0,0,0,0,0,0,0,0,0,0,40,2,2,19,3,123.95,60,60,59,1,7.59,0.04,0.01,2.04,0.05,3.48,23.84,20.44,3.4,0,0,2006,1,1,0
"59009494",59.68,0,2,12,0,2,"65,12",3.07,1,1000,1,1,0,0,0,0,0,4,0,0,0,61,27,2,12,1,109.15,60,59,60,1,7.28,0.86,0.01,1.57,0.02,2.34,21.8,16.1,5.7,0,0,2002,0,1,0
"17696169",60.66,0,3,7,0,6,"65,154",39.23,1,1300,1,0,0,0,0,0,0,0,0,0,0,37,0,1,4,0,0,59,53,49,1,5.46,0,0.01,0.73,0,0,21.48,18.69,2.79,0.01,0,2002,0,0,0
"49117433",36.43,0,0,3,0,3,"65,406",17.43,1,1200,1,1,0,0,0,0,0,3,0,0,0,77,27,15,17,36,129.5,59,9,59,1,7.12,1.4,2,0.15,0.46,7.53,21.3,0.04,21.26,0,0,2006,0,0,0
"63273761",36.47,1,0,10,0,1,"65,459",0.95,1,1800,1,0,0,0,0,0,0,0,0,0,0,90,10,1,77,22,129.5,60,60,60,1,10.51,0.15,0.01,2.66,0.29,19.47,26.74,21.79,4.95,0,0,2006,0,1,1
"51819385",55.97,0,1,4,0,3,"65,67",27.95,1,2500,1,1,0,0,0,0,0,6,6,0,0,16,3,0,5,0,0,48,48,31,0,5.45,0.24,0,0.93,0,0,20.58,19.6,0.98,0,0,2004,1,0,0
"2597000",48.76,0,1,7,0,2,"66",5.49,1,1000,1,0,0,0,0,0,0,0,0,0,0,73,5,1,30,6,125.8,60,57,60,2,7.17,0.3,0.02,1.94,0.05,2.82,22.93,5.6,17.33,0.01,0,2002,0,0,1
"91865953",57.61,0,3,3,0,4,"66,389",1.12,1,1400,1,1,0,0,0,0,0,5,0,0,0,37,2,0,2,10,129.5,58,43,58,1,11.61,0.29,0,0.25,0.68,24.96,23.12,9.85,13.27,0.02,0,2006,0,0,0
"69179285",54.97,1,2,3,0,3,"66,599",32.38,1,2500,1,0,0,0,0,0,0,0,0,0,0,32,9,1,0,6,125.8,58,58,45,1,10.38,0.78,0,0,0.04,2.19,24.92,18,6.92,0.01,0,2006,2,0,0
"7857047",54.52,1,1,10,0,1,"66,849",0.93,1,2500,1,1,0,0,0,0,0,3,0,0,0,61,4,1,19,12,123.95,60,60,60,0,5.85,0.08,0.02,1.31,0.07,3.92,21.71,20.6,1.11,0,0,2007,0,0,0
"53628078",21.04,1,0,3,0,2,"66,898",1.2,1,1600,1,1,0,0,0,0,0,2,0,0,0,62,62,13,24,12,129.5,60,58,48,1,10.13,1.32,1.78,1.13,0.81,45.43,21.28,17.28,4,0,0,2008,0,0,0
"23513805",49.71,1,1,3,0,1,"67,556",2.93,4,1600,1,0,0,0,0,0,0,0,0,0,0,69,2,0,17,27,129.5,60,60,60,1,8.12,0.01,0,1.82,0.58,26.25,23.41,15.94,7.47,0,0,2004,0,1,0
"56966631",31.91,1,0,10,0,1,"67,627",5.33,1,1800,1,0,0,0,0,0,0,0,0,0,0,70,11,1,6,19,129.5,60,58,59,2,9.81,0.24,0,0.05,0.56,20.3,24.76,17.31,7.45,0.01,0,2003,0,0,0
"52926051",42.95,0,1,20,0,4,"67,665",1.51,1,1200,1,1,0,0,0,0,0,6,0,0,0,42,1,0,7,1,103.6,59,57,50,0,8.58,0.07,0,1.07,0.05,5.38,26.05,20.02,6.04,0,0,2006,0,0,0
"30966635",33.82,1,0,15,0,4,"68,056",1.18,1,1400,1,0,0,0,0,0,0,0,0,0,0,48,26,2,6,6,125.8,58,58,58,2,5.84,0.31,0.03,0.15,0.07,5.37,18.49,16.26,2.23,0.01,0,2005,0,1,0
"55237061",59.87,1,0,0,0,2,"68,066",2.33,1,1800,1,0,0,0,0,0,0,0,0,0,0,30,0,0,7,0,0,57,56,46,1,5.26,0,0,1.19,0,0,19.87,18.95,0.92,0,0,2001,0,0,0
"29272579",30.22,0,0,6,0,2,"68,152",2.25,1,2500,1,0,0,0,0,0,0,0,0,0,0,37,16,31,9,1,107.3,60,60,47,1,6.22,0.68,4.31,1.49,0.01,1.41,22.33,20.1,2.23,0,0,2006,0,0,0
"24906877",29.26,0,0,12,0,3,"68,171",1.04,1,1600,1,1,0,0,0,0,0,10,0,0,0,30,2,0,6,2,99.9,59,59,39,0,6.38,0.58,0,1.65,0.08,3.84,25.92,17.85,8.08,0,0,2004,0,0,0
"26354671",28.95,1,0,3,0,5,"68,179",2.79,4,1800,1,1,0,0,0,0,0,2,0,0,0,36,17,12,0,3,129.5,60,58,50,0,6.34,0.32,1.1,0,0.03,3.2,19.24,17.16,2.08,0,0,2003,0,0,0
"27531301",43.26,1,0,10,0,4,"68,54",19,1,1800,1,0,0,0,0,0,0,0,0,0,0,82,6,1,7,20,129.5,60,58,58,1,13.9,0.29,0,0.18,0.99,38.29,26.7,12.73,13.97,0,0,2004,0,0,0
"1895823",76.33,1,4,3,0,3,"68,706",22.95,1,1000,1,1,0,0,0,0,0,6,0,6,0,57,10,1,6,8,105.45,60,0,60,0,9.98,0.65,0.01,0.61,0.23,4.85,29.07,0,29.07,0,0,2002,0,0,0
"78598705",52.76,0,3,18,0,6,"68,754",2.26,1,1400,1,1,0,0,0,0,0,4,0,0,0,50,2,0,0,1,96.2,59,42,59,0,8.97,0.11,0,0,0.04,3.93,21.84,14.45,7.38,0,0,2003,0,0,0
"40450705",53.92,1,4,2,0,4,"68,819",29.5,1,2500,1,0,0,0,0,0,0,0,0,0,0,44,28,3,21,12,127.65,60,60,57,1,8.37,0.79,0.01,1.27,0.13,6.95,26.6,20.85,5.75,0,2,2005,0,0,0
"50943442",50.56,0,0,15,0,5,"68,952",23.42,1,2500,1,1,0,0,0,0,0,5,5,0,0,14,2,8,2,0,0,40,40,0,0,4.16,0.32,1.44,0.36,0,0,15.12,15.12,0,0,0,2003,0,0,0
"67771146",45.21,1,0,0,0,1,"69,156",18.22,1,2700,1,0,0,0,0,0,0,0,0,0,0,45,3,0,4,0,0,59,53,59,1,14.47,0.76,0,0.44,0,0,34.91,12.04,22.87,0.02,2,2005,0,0,0
"92750354",49.27,1,0,10,0,1,"69,408",7.7,1,1600,1,0,0,0,0,0,0,0,0,0,0,39,33,2,0,8,109.15,60,60,60,2,7.26,4.1,0.02,0,0.22,22.17,20.16,19.61,0.55,0.17,0,2003,1,0,0
"19161829",54.58,1,2,0,0,2,"69,673",2.26,1,2500,1,1,0,0,0,0,0,4,0,0,0,31,3,0,4,1,98.05,58,47,52,0,7.91,0.72,0,0.26,0.09,8.87,24.81,18.23,6.58,0,2,2006,0,0,0
"89683202",55.35,1,2,4,0,3,"70,614",32.39,1,2500,1,1,0,0,0,0,0,3,2,0,0,18,3,1,8,2,98.05,50,48,22,0,7.03,0.29,0.01,0.28,0.1,8,19.47,17.82,1.65,0,0,2007,1,0,0
"53148351",40.21,0,1,7,0,1,"71,125",4.7,1,1400,1,0,0,0,0,0,0,0,0,0,0,61,10,11,9,21,103.6,60,60,60,1,8.4,0.52,0.63,0.77,0.15,3.27,26.87,20.71,6.15,0,0,2001,0,0,0
"5057491",23.35,1,0,14,0,3,"71,178",2.22,4,2500,1,1,0,0,0,0,0,3,0,0,0,75,7,1,47,24,129.5,60,60,60,1,7.34,0.1,0.01,1.98,0.18,4.44,24.27,22.17,2.1,0,0,2006,0,0,0
"12654037",65.26,0,2,18,0,3,"71,258",1.65,1,1400,5,1,0,0,0,0,0,8,8,0,0,19,11,5,4,0,0,60,60,1,0,4.02,1.14,1.71,0.9,0,0,20.71,20.69,0.02,0,0,1997,0,0,0
"38938760",41.86,1,1,15,0,5,"71,933",21.42,2,1400,1,0,0,0,0,0,0,0,0,0,0,46,2,5,18,14,114.7,60,13,60,1,7.9,0.05,0.02,2.35,0.31,19.94,22.27,0.02,22.25,0,0,2001,0,0,0
"6238895",75.01,1,4,15,0,5,"72,059",43.33,1,2800,1,1,0,0,0,0,0,2,2,0,0,19,2,14,6,1,90.65,55,55,15,0,5.9,0.1,1.48,0.06,0,0.27,24.44,24.34,0.09,0,0,1994,0,0,0
"1388656",66.46,0,0,12,0,4,"72,175",1.78,1,1400,5,0,0,0,0,0,0,0,0,0,0,20,14,2,7,0,0,59,57,36,1,6.25,0.33,0.01,0.52,0,0,21.82,18.06,3.75,0,0,1998,1,0,0
"16050510",22.25,1,0,10,0,2,"72,298",4.22,4,2500,1,1,0,0,0,0,0,6,0,0,0,21,5,9,3,6,112.85,53,44,49,0,8.76,1,1.97,0.26,0.5,23.78,21.85,18.03,3.82,0,0,2003,0,1,0
"77509752",29.8,0,0,12,0,1,"72,553",2.77,1,1400,1,0,0,0,0,0,0,0,0,0,0,53,2,1,12,13,112.85,60,60,60,1,8.16,0.05,0,1.17,0.37,7.89,23.95,18.16,5.8,0,0,2002,0,1,1
"29191034",47.37,1,2,10,0,2,"73,805",0.73,2,2500,1,1,0,0,0,0,0,4,0,0,0,43,1,0,10,1,99.9,60,60,59,0,6.47,0.02,0,1.09,0,0.19,24.19,19.51,4.68,0,0,2005,0,0,0
"60779705",34.95,0,0,7,0,3,"73,886",6.55,1,2500,1,1,0,0,0,0,0,3,0,0,0,63,35,16,3,21,103.6,58,47,58,0,3.78,0.71,2.66,0.09,0.07,0.92,15.18,14.42,0.76,0,0,2005,0,0,0
"46453743",48.35,1,3,7,0,1,"74",20.33,1,3000,1,0,0,0,0,0,0,0,0,0,0,62,3,1,5,24,122.1,60,60,60,1,9.43,0.36,0,0.12,0.51,10.9,25.07,19.45,5.61,0,0,2006,0,0,0
"1984311",49.09,1,1,0,0,2,"74,021",30.32,1,3500,1,0,0,0,0,0,0,0,0,0,0,60,2,1,17,54,129.5,60,8,60,1,10.44,0.03,0,1.95,3.69,12.89,27.53,0.01,27.52,0,4,2005,0,0,0
"48744831",49.6,0,1,3,0,0,"74,546",2.78,1,1600,1,1,0,0,0,0,0,4,0,0,0,45,6,3,8,8,122.1,60,60,58,0,6.54,0.25,0.02,0.11,0.03,1.32,25.63,21.96,3.68,0,0,2011,0,0,0
"56031062",57.07,0,0,12,0,0,"74,719",36.15,1,1800,1,1,0,0,0,0,0,4,0,0,0,61,19,1,8,1,103.6,58,56,52,0,10.39,4.85,0,0.25,0,0.25,27.17,18.92,8.24,0,2,2003,0,0,0
"70021921",53.3,0,1,23,0,2,"75",3.21,5,1300,1,0,0,0,0,0,0,0,0,0,0,74,1,1,17,19,123.95,60,59,59,1,7.21,0.02,0,1.38,0.08,1.06,21.69,19.47,2.22,0,0,2004,0,0,0
"74351374",26.08,0,0,12,0,4,"75",17.07,1,2500,1,1,0,0,0,0,0,3,0,0,0,27,1,0,2,4,105.45,55,55,45,0,6.89,0.07,0,0.13,0.11,3.6,20.45,18.15,2.31,0,0,2004,0,1,1
"98673720",34.61,0,1,15,0,1,"75,302",2.33,1,1600,1,1,0,0,0,0,0,4,0,0,0,46,2,0,7,7,122.1,57,50,45,0,13.05,0.05,0,1.05,1.08,39.5,25.86,17.41,8.46,0,0,2005,0,0,0
"87598831",60.55,0,0,1,0,12,"75,513",1.74,1,1300,5,0,0,0,0,0,0,0,0,0,0,53,4,1,23,4,99.9,60,60,60,1,6.52,0.07,0.01,1.16,0.04,2.22,22.66,19.19,3.47,0,0,1993,0,0,0
"91785547",70.67,0,5,19,0,2,"76,204",2.23,1,2500,5,0,0,0,0,0,0,0,0,0,0,45,8,1,7,1,96.2,60,59,60,1,8.22,0.33,0.01,1.04,0.01,0.66,23.32,12.67,10.66,0.01,0,2004,0,0,0
"25299024",34.02,0,2,18,0,6,"76,581",1.62,1,1800,1,0,0,0,0,0,0,0,0,0,0,49,4,1,15,8,105.45,60,59,60,1,5.22,0.09,0.01,1.32,0.03,1.08,21.19,19.44,1.75,0,0,1995,0,0,0
"93454319",30.64,0,0,18,0,3,"76,71",2.23,4,1200,1,1,0,0,0,0,0,5,0,0,0,15,1,0,0,0,0,35,34,20,0,6.83,0.04,0,0,0,0,20.92,18.75,2.17,0,0,2003,0,0,0
"9136562",32.76,0,0,3,0,2,"77,313",2.74,1,2200,1,1,0,0,0,0,0,3,0,0,0,59,94,12,8,14,127.65,60,58,58,0,7.11,0.63,0.93,0.15,0.06,2.15,22.14,18.31,3.83,0,0,2002,0,0,0
"19421259",39.32,0,0,4,0,1,"77,915",1.7,1,2500,1,1,0,0,0,0,0,2,0,0,0,48,7,1,28,11,125.8,60,2,60,0,15.31,0.62,0.01,4.3,0.05,1.89,41.91,0,41.91,0,0,2005,0,1,0
"6544389",47.67,1,3,1,0,3,"78,524",1.54,1,1400,1,1,0,0,0,0,0,5,0,0,0,40,4,0,0,1,99.9,59,52,58,0,11.45,0.18,0,0,0.1,9.71,26.88,16.35,10.53,0,0,2006,0,0,0
"13894078",47.28,1,2,3,0,1,"79,177",29.16,2,2200,1,1,0,0,0,0,0,3,0,3,0,59,4,1,12,14,127.65,60,0,60,0,7.39,0.06,0,1.39,0.33,11.74,21.85,0,21.85,0,0,2005,0,0,0
"97259073",42.68,0,3,3,0,0,"79,233",34.01,1,2500,1,1,0,0,0,0,0,2,0,0,0,61,8,1,14,25,111,60,53,60,1,7.73,0.19,0.01,1.29,0.15,1.81,23.54,4.38,19.16,0.01,0,2004,0,0,0
"53430248",40.5,1,0,3,0,2,"80,232",1.67,1,2500,5,1,0,0,0,0,0,2,0,0,0,32,8,3,7,1,92.5,60,60,57,0,4.52,0.07,0.01,0.83,0,0.17,19.26,17.06,2.2,0,2,2005,0,0,0
"75081906",33.34,1,0,4,0,1,"80,521",3.15,1,1800,1,1,0,0,0,0,0,2,0,0,0,52,7,1,6,5,109.15,59,57,59,0,6.94,0.3,0.01,0.11,0.03,1.47,22.28,21.33,0.95,0,0,2002,0,0,0
"43961677",51.02,1,2,21,0,4,"80,887",27.21,1,2000,1,1,0,0,0,0,0,5,0,5,0,35,2,0,7,7,114.7,60,0,60,0,8.75,0.15,0,1.71,0.33,11.39,23.16,0,23.16,0,2,2004,0,0,0
"58482003",30.64,1,0,3,0,0,"82,513",13.22,1,5400,1,0,0,0,0,0,0,0,0,0,0,54,0,0,0,4,120.25,59,47,55,1,8.43,0,0,0,0.23,12.46,21.62,17.25,4.38,0.02,0,2002,0,0,0
"9785460",45.61,0,0,1,0,3,"82,659",12.23,1,1200,1,0,0,0,0,0,0,0,0,0,0,45,8,9,4,3,94.35,58,57,54,1,4.35,0.61,1.27,0.1,0,0.09,16.91,16.62,0.29,0.01,0,2003,0,0,0
"52529409",58.5,1,2,0,0,2,"83,06",35.33,2,1600,1,0,0,0,0,0,0,0,0,0,0,13,2,0,4,1,98.05,27,27,23,4,4.5,0.13,0,0.48,0.06,5.28,12.93,7.96,4.96,0.07,0,2003,0,0,0
"75298061",70.85,1,3,1,0,4,"83,142",1.51,1,1400,1,1,0,0,0,0,0,4,0,0,0,52,1,0,2,10,112.85,55,27,48,0,9.91,0.03,0,0.18,0.68,15.34,20.76,10.62,10.15,0,0,2006,0,0,0
"7750189",19.22,0,0,11,0,1,"83,312",1.94,1,1800,1,0,0,0,0,0,0,0,0,0,0,59,1,0,19,53,118.4,60,59,60,1,5.22,0.03,0,2.68,0.58,2.54,20.4,18.36,2.05,0,0,2001,2,0,0
"31147604",61.94,0,2,0,0,5,"83,333",3.07,1,1800,1,1,0,0,0,0,0,5,0,0,0,38,2,0,6,0,0,60,59,60,1,8.32,0.03,0,1.07,0,0,25.89,10.86,15.04,0.01,0,1995,0,0,0
"21696403",59.76,0,1,0,0,3,"84,991",1.54,1,1600,1,0,0,0,0,0,0,0,0,0,0,76,19,3,6,32,120.25,60,59,60,1,10.22,1.43,0.14,0.55,0.5,6.6,25.16,7.16,18,0.03,0,2003,0,0,0
"54766788",58.82,0,2,18,0,4,"85,755",5.46,1,1600,1,1,0,0,0,0,0,6,0,0,0,40,2,1,0,0,0,60,31,60,0,10.38,0.28,0.02,0,0,0,26.22,4.04,22.18,0,0,2003,0,0,0
"41230835",45.11,0,0,12,0,1,"86,663",37.02,1,1000,1,1,0,0,0,0,0,4,0,0,0,75,39,6,70,31,125.8,60,59,60,1,8.74,0.43,0.05,1.16,0.27,2.66,26.84,16.05,10.79,0,0,2002,0,0,0
"2556645",23.45,1,0,21,0,1,"87,168",2.78,1,1600,1,1,0,0,0,0,0,8,8,0,0,13,6,0,2,1,103.6,46,46,4,0,5.42,1.04,0,0.13,0.13,12.49,20.92,20.33,0.58,0,0,2003,0,0,1
"82698679",39.79,1,0,11,0,2,"87,628",0.99,1,2000,5,0,0,0,0,0,0,0,0,0,0,57,108,1,13,4,116.55,60,59,60,4,6.79,2.41,0,0.93,0.04,2,22.19,17.12,5.07,0.03,0,2002,0,0,0
"70164410",50.45,0,0,10,0,1,"88,398",20.16,1,1400,1,0,0,0,0,0,0,0,0,0,0,40,21,1,4,3,111,59,59,56,1,5.68,0.26,0,0.08,0.01,1.06,22.81,22.57,0.24,0,0,2003,0,1,0
"76705428",26.49,0,1,10,0,1,"89",6.14,1,1600,1,1,0,0,0,0,0,2,0,0,0,33,58,56,12,4,116.55,60,60,49,0,8.71,1.63,12.29,2.22,0.16,13.15,25.25,18.91,6.34,0,0,2005,0,0,0
"99679879",53.53,0,2,7,0,0,"89,169",3.11,1,2000,1,1,0,0,0,0,0,4,0,0,0,68,9,2,10,21,120.25,60,40,60,0,6.95,0.09,0.02,1.18,0.21,3.25,25.76,0.8,24.96,0,2,2004,0,0,0
"53055689",62.95,0,2,7,0,14,"90,183",37.33,1,1300,1,1,0,0,0,0,0,5,0,5,0,32,1,0,12,1,99.9,60,0,60,0,6.65,0.03,0,1.94,0.01,0.54,24.41,0,24.41,0,0,1994,0,0,0
"35246993",50.09,1,2,18,0,5,"90,209",14.15,1,1500,1,0,0,0,0,0,0,0,0,0,0,44,3,1,5,11,114.7,53,1,53,1,6.85,0.05,0.02,0.36,0.18,7.41,19.01,0.01,19.01,0.1,0,2001,0,0,0
"43983120",32.05,0,1,3,0,2,"90,595",1.01,1,2000,1,1,0,0,0,0,0,0,0,0,0,39,3,1,15,2,98.05,60,60,55,0,4.8,0.08,0,1.41,0.01,0.65,18.66,17.47,1.19,0,0,2002,0,2,0
"12735318",53.17,0,1,5,0,4,"90,763",28.33,1,1800,1,0,0,0,0,0,0,0,0,0,0,49,2,0,14,6,107.3,60,0,60,1,5.27,0.04,0,1.23,0.04,2.07,21.49,0,21.49,0,0,2002,0,0,0
"47526289",49.39,1,1,3,0,4,"91,505",7.35,1,1400,1,1,0,0,0,0,0,5,0,0,0,54,3,1,11,13,109.15,60,48,60,0,7.84,0.1,0.01,0.43,0.32,4.8,19.34,15.14,4.2,0,0,2004,0,0,0
"53891996",56.62,0,2,4,0,2,"91,655",2.24,1,2500,1,0,0,0,0,0,0,0,0,0,0,51,9,1,0,7,129.5,60,60,55,1,7.74,0.08,0,0,0.08,7.36,21.63,19.25,2.38,0,0,2004,0,2,0
"36462586",36.84,1,0,4,0,10,"91,989",13.32,1,1000,1,0,0,0,0,0,0,0,0,0,0,55,6,1,7,7,123.95,60,60,57,3,8.16,0.28,0.01,0.16,0.02,0.91,26.08,23.38,2.7,0.01,0,2003,0,0,0
"41944663",34.95,0,0,21,0,1,"92,447",0.99,1,1200,1,1,0,0,0,0,0,3,0,0,0,61,4,0,12,8,112.85,60,59,60,0,10.94,0.13,0,1.25,0.21,8.81,26.01,19.84,6.17,0,0,2005,0,0,0
"66939393",62.72,1,3,4,0,1,"93,1",29.32,1,2500,1,1,0,0,0,0,0,5,0,0,0,52,2,0,2,1,99.9,59,46,59,0,7.1,0.11,0,0.02,0.01,1.03,20.94,18.64,2.3,0,0,2005,0,1,0
"83569640",54.02,0,0,3,0,2,"93,146",24.32,1,1400,1,1,0,0,0,0,0,5,0,0,0,25,0,1,6,10,101.75,51,5,51,0,10.71,0,0.02,1.82,0.33,9.21,28.12,0.1,28.02,0,0,2000,0,0,0
"94860777",42.91,0,2,4,0,2,"93,5",13.3,1,2500,1,0,0,0,0,0,0,0,0,0,0,66,32,3,13,10,129.5,60,59,60,1,8.82,0.31,0.01,0.65,0.13,7.38,23.84,15.99,7.85,0,0,2006,0,0,0
"68355292",47.03,0,0,3,0,4,"93,859",1,1,1800,1,0,0,0,0,0,0,0,0,0,0,49,5,1,15,1,105.45,60,60,60,1,5.82,0.03,0.01,1.41,0,0.22,16.83,10.97,5.87,0,2,2005,0,0,0
"6459797",56.38,1,2,10,0,5,"94,002",8.9,1,2000,1,0,0,0,0,0,0,0,0,0,0,54,25,25,23,15,125.8,60,58,60,1,9.94,2.11,2.48,1.22,0.54,27.83,26.51,14,12.51,0.01,0,2004,0,1,0
"33351946",33.55,0,0,4,0,5,"95",8.34,1,1000,1,0,0,0,0,0,0,0,0,0,0,19,1,1,15,2,111,60,60,26,2,5.21,0.05,0.01,1.71,0.16,14.82,18.5,16.2,2.3,0.01,0,1993,0,0,1
"93759153",58.11,1,2,8,0,12,"95,367",2.68,1,1800,1,1,0,0,0,0,0,4,3,0,0,27,1,0,2,3,99.9,60,55,42,1,7.58,0.12,0,0.04,0.11,7.78,21.07,19.64,1.42,0.03,0,1993,0,0,0
"8954512",47.49,0,1,3,0,6,"95,468",3.07,2,1300,1,0,0,0,0,0,0,0,0,0,0,38,1,0,17,0,0,60,60,59,1,5.67,0,0,1.41,0,0,27.12,26.54,0.58,0,0,2001,0,0,0
"74836940",46.25,1,0,20,0,1,"95,631",4.7,1,3000,1,1,0,0,0,0,0,6,0,0,0,60,3,1,7,13,107.3,60,56,60,0,7.41,0.18,0.01,0.36,0.42,9.66,26.15,19.24,6.9,0,2,2001,0,0,0
"81251370",44.06,1,0,0,0,4,"96,864",8.99,1,3000,6,1,0,0,0,0,0,4,0,0,0,55,11,10,19,19,122.1,60,36,59,0,16.38,0.42,0.33,1.67,2.37,36.51,26.92,8.03,18.88,0,0,2004,0,0,0
"41868152",50.46,0,2,3,0,3,"98,871",1.83,1,1600,1,1,0,0,0,0,0,3,0,0,0,82,2,2,15,42,127.65,60,60,58,0,7.8,0.04,0.02,2.07,0.18,9.42,25.15,23,2.15,0,0,2006,0,0,0
"79582036",46.12,1,2,7,0,1,"100,784",31.01,1,1600,1,0,0,0,0,0,0,0,0,0,0,61,15,2,10,13,122.1,60,60,60,2,8.62,2.2,0.02,1.17,0.16,9.42,26.24,18.28,7.96,0.01,0,2002,0,0,0
"90141289",48.86,0,2,3,0,5,"100,927",31.17,1,1400,1,0,0,0,0,0,0,0,0,0,0,50,2,1,10,1,107.3,58,58,58,1,7.36,0.09,0.02,0.28,0,0.38,23.81,22.23,1.58,0.01,0,2001,0,0,0
"56817874",35.29,0,0,9,0,1,"102,456",23.99,1,2500,1,1,0,0,0,0,0,3,0,0,0,66,5,0,18,20,129.5,60,60,59,1,7.13,0.23,0,2.02,0.16,2.22,23.36,22.43,0.92,0,0,2008,0,0,0
"72196948",43.97,0,1,3,0,2,"102,522",3.16,5,1200,1,0,0,0,0,0,0,0,0,0,0,42,14,8,5,1,92.5,59,59,54,1,7.26,0.28,0.11,0.08,0,0.23,23.47,22.33,1.13,0.01,0,2001,0,0,0
"27444700",46.77,1,3,12,0,6,"102,556",30.74,7,1200,1,1,0,0,0,0,0,6,3,0,0,19,0,0,10,0,0,50,50,21,0,7.29,0,0,0.98,0,0,22.9,21.63,1.27,0,0,2002,0,0,0
"24266871",33.54,0,1,1,0,1,"104,602",1.02,1,1400,1,0,0,0,0,0,0,0,0,0,0,38,5,2,12,1,101.75,60,60,54,1,6.14,0.15,0.02,1.55,0.01,0.67,22.12,21.45,0.67,0.01,0,2004,0,0,0
"71795888",53.52,0,2,3,0,3,"104,874",1.07,1,1400,1,0,0,0,0,0,0,0,0,0,0,37,18,13,16,5,114.7,60,58,53,1,6.64,0.15,0.47,0.31,0.03,2.11,20.18,17.71,2.48,0,0,2004,0,0,0
"10813647",44.44,1,2,10,0,2,"106,857",3.1,2,1800,1,1,0,0,0,0,0,4,0,0,0,41,6,1,20,5,123.95,60,60,60,1,10.13,0.28,0.01,1.54,0.31,13.75,26.03,24.39,1.64,0,0,2002,0,0,0
"25582003",47.53,0,2,3,0,1,"107,386",2.05,1,2500,1,1,0,0,0,0,0,8,0,0,0,33,7,7,14,7,109.15,52,44,52,0,9.23,0.84,0.56,1.18,0.18,7.14,24.3,11.81,12.49,0,2,2003,0,0,0
"24702729",42.7,1,2,10,0,0,"107,643",13.24,1,1300,1,1,0,0,0,0,0,5,0,0,0,28,8,22,10,2,94.35,55,51,55,0,6.44,0.79,3.7,1.64,0.01,0.87,21.96,1.74,20.22,0,0,2003,0,0,0
"52589081",36.99,1,2,10,0,3,"107,645",1.21,1,1000,1,1,0,0,0,0,0,3,0,0,0,51,79,32,15,13,129.5,60,59,49,0,6.49,1.99,4.49,0.08,0.04,1.83,20.11,18.86,1.24,0,0,2003,0,1,0
"4628772",59.48,1,3,10,0,1,"111,211",1.95,1,1800,1,1,0,0,0,0,0,3,0,3,0,48,2,0,22,4,112.85,60,0,60,0,7.54,0.04,0,0.86,0.04,3.38,23.78,0,23.78,0,0,2009,0,0,0
"60383332",64.07,1,2,10,0,3,"113,133",1.74,1,1600,1,0,0,0,0,0,0,0,0,0,0,45,2,0,37,6,122.1,60,58,59,2,6.22,0.06,0,2.43,0.11,9.47,22.41,18.32,4.09,0.01,0,2002,0,0,0
"6473821",42.91,0,0,3,0,1,"114,011",2.24,1,2500,1,0,0,0,0,0,0,0,0,0,0,48,6,1,19,4,107.3,59,58,55,2,7.58,0.21,0.02,1.88,0.04,2.47,24.66,18.63,6.02,0.01,0,2004,1,0,0
"27611149",73.82,1,2,7,0,8,"114,099",55.26,1,2500,1,1,0,0,0,0,0,4,0,0,0,43,2,22,2,3,99.9,58,38,58,1,8.79,0.48,3.55,0.24,0.24,16.52,22.24,15.1,7.14,0.03,0,1992,0,0,0
"49110625",25.56,0,0,4,0,1,"115,574",1.45,1,1200,1,1,0,0,0,0,0,6,0,0,0,59,4,7,9,5,94.35,60,53,59,0,10.23,0.33,1.54,0.62,0.15,7.08,22.33,16.44,5.88,0,0,2002,0,0,0
"38565558",63.52,1,2,18,0,5,"117,013",42.33,1,1800,1,0,0,0,0,0,0,0,0,0,0,64,1,1,9,23,125.8,60,8,60,1,10.23,0.01,0.01,1.47,0.98,13.11,25.11,0.03,25.08,0.01,1,1997,0,0,0
"26069441",53.2,0,0,4,0,8,"117,061",14.92,1,1300,1,1,0,0,0,0,0,1,0,0,0,35,4,4,7,0,0,60,4,60,0,5.44,0.01,0.01,0.5,0,0,22.41,0.01,22.4,0,0,1996,0,0,0
"47836046",42.37,1,1,2,0,2,"117,318",26.22,1,1000,1,1,0,0,0,0,0,6,6,0,0,33,2,0,0,0,0,54,54,12,0,6.38,0.22,0,0,0,0,23.92,23.75,0.17,0,0,2002,0,0,0
"57519154",35.41,0,0,3,0,6,"118,6",22,1,2500,1,1,0,0,0,0,0,7,0,7,0,21,0,0,2,0,0,47,0,47,0,6.2,0,0,0.8,0,0,20.7,0,20.7,0,0,1995,1,0,0
"21088280",43.79,1,2,3,0,3,"119,355",1.84,3,1200,1,0,0,0,0,0,0,0,0,0,0,75,6,1,17,22,125.8,60,7,60,1,8.77,0.12,0,1.38,0.12,5.34,24.58,0.01,24.57,0.01,0,2003,0,0,0
"48307349",26.25,0,0,14,0,1,"120,744",1.9,2,1200,1,0,0,0,0,0,0,0,0,0,0,49,3,2,18,11,116.55,60,60,59,1,7.61,0.09,0,1.72,0.12,4.09,24.32,19.97,4.35,0,0,2000,0,0,0
"14305768",60.02,1,4,10,0,2,"120,757",43.88,1,1900,1,2,0,0,0,0,0,7,7,0,0,2,0,0,0,0,0,7,7,0,0,2,0,0,0,0,0,7,7,0,0,0,1995,0,0,0
"50547325",53.14,0,0,12,0,1,"122,112",2.85,1,2500,1,1,0,0,0,0,0,4,0,0,0,36,1,0,15,1,98.05,60,60,53,0,7.18,0.01,0,1.12,0,0.22,28.79,27.63,1.16,0,0,2002,0,0,0
"63449280",41.76,1,2,10,0,3,"122,53",2.26,1,1400,1,1,0,0,0,0,0,11,0,0,0,40,0,0,7,1,90.65,60,21,57,0,13.92,0,0,1.38,0.08,6.97,33,6.23,26.77,0,0,2001,1,1,0
"60435512",42.77,1,1,3,0,2,"123,1",0.84,1,1400,1,1,0,0,0,0,0,4,0,0,0,44,6,2,16,11,127.65,60,60,59,0,7.18,0,0,1.83,0.18,11.06,24.14,23.36,0.78,0,0,2004,1,0,0
"30655059",63.5,0,2,3,0,10,"123,487",1.05,1,1300,1,1,0,0,0,0,0,4,0,0,0,13,0,0,6,0,0,44,43,19,0,3.78,0,0,0.8,0,0,18.06,16.22,1.84,0,0,1997,0,0,0
"63847279",79.24,1,5,3,0,9,"0,144",26.23,1,2500,1,1,0,0,0,0,0,5,5,0,0,17,12,0,0,0,0,42,36,30,0,3.71,0.83,0,0,0,0,16.06,15.2,0.86,0,1,1996,0,0,0
"29650571",49.25,1,3,3,0,1,"0,563",16.16,1,2500,2,0,0,0,0,0,0,0,0,0,0,51,3,3,19,4,103.6,60,60,60,1,7.32,0.03,0.01,1.19,0.02,1.31,22.81,21.28,1.54,0,0,2007,0,0,0
"8278984",42.58,0,0,3,0,1,"0,563",25.85,1,2500,1,0,0,0,0,0,0,0,0,0,0,29,2,1,9,9,122.1,60,60,23,1,6.07,0.06,0,1.28,0.06,2.33,19.97,19.76,0.22,0,0,2008,0,0,0
"16991328",22.08,0,2,3,0,1,"0,578",18.08,1,1800,1,1,0,0,0,0,0,3,0,0,0,84,27,1,13,43,129.5,60,41,60,0,9.99,0.72,0,0.43,0.91,13.1,19.7,0.32,19.38,0,2,2004,0,0,0
"83236612",3.22,0,0,10,0,5,"0,589",3.22,7,2000,1,0,0,0,0,0,0,0,0,0,0,76,1,0,11,35,114.7,60,54,60,1,8.23,0.01,0,1.08,0.61,6.85,23.14,16.95,6.19,0,1,1998,0,0,0
"78602284",39.92,0,0,18,0,1,"131,835",3.18,1,1000,1,1,0,0,0,0,0,7,0,0,0,45,2,0,3,0,0,60,47,60,0,7.89,0.18,0,0.43,0,0,25.57,20.49,5.08,0,0,2001,0,0,0
"11272976",55.54,1,2,3,0,11,"132,438",21.25,7,1500,1,0,0,0,0,0,0,0,0,0,0,74,2,0,13,26,127.65,60,60,60,1,5.81,0.03,0,1.13,0.21,3.54,23.07,21,2.08,0,0,1997,0,0,0
"80269886",50.37,1,0,4,0,10,"132,48",1,1,1300,1,1,0,0,0,0,0,1,0,0,0,30,1,1,19,2,125.8,59,20,59,0,3.89,0,0,1.36,0.14,14.71,16.7,0.15,16.55,0,0,2000,0,0,0
"91113115",56.3,1,1,3,0,1,"133,287",33.79,7,1300,2,0,0,0,0,0,0,0,0,0,0,30,5,0,8,4,99.9,60,60,35,2,5.62,0.4,0,0.97,0.01,0.5,21.73,21.32,0.41,0,0,2000,0,0,0
"60344807",33.92,1,0,3,0,2,"133,898",1.95,1,1400,5,0,0,0,0,0,0,0,0,0,0,57,21,5,11,6,99.9,60,59,60,3,7.15,0.33,0.02,1.09,0.03,1.65,22.88,18.68,4.2,0.01,0,2000,1,0,1
"65467994",55.04,0,0,19,0,3,"135,074",23.15,1,1800,1,1,0,0,0,0,0,5,0,5,0,64,5,3,11,34,103.6,59,0,59,1,5.43,0.3,0.01,1.09,0.46,1.55,22.11,0,22.11,0,0,2001,0,0,0
"66735053",34.46,1,1,12,0,1,"135,446",1.5,1,1400,1,0,0,0,0,0,0,0,0,0,0,57,42,25,13,11,109.15,60,60,60,1,7.33,0.37,2.27,1.15,0.14,3.44,22.82,20.52,2.31,0,0,2002,0,0,0
"91197213",50.41,1,0,3,0,1,"137,641",0.94,1,1800,1,0,0,0,0,0,0,0,0,0,0,71,1,1,27,21,127.65,60,60,60,1,15.56,0.02,0,2.96,0.56,20.92,29.85,13.12,16.73,0,0,2006,0,0,0
"26146606",76.07,0,7,14,0,7,"138",55.52,1,1000,1,0,0,0,0,0,0,0,0,0,0,56,8,2,25,9,103.6,60,57,60,2,8.86,0.4,0.03,0.44,0.04,1.76,23.9,14.04,9.86,0.01,0,2001,0,0,0
"68861523",52.43,0,1,18,0,7,"141,439",1.11,1,1300,1,1,0,0,0,0,0,6,0,0,0,39,0,0,0,0,0,56,24,51,0,7.35,0,0,0,0,0,18.29,11.06,7.24,0,0,1997,0,0,0
"25479024",49.16,0,5,3,0,1,"142,569",22.14,1,2500,1,2,0,0,0,0,0,7,0,0,0,42,4,13,0,15,105.45,46,41,37,0,11.18,1.12,2.59,0,1.88,28.73,22.35,16.47,5.88,0,0,2002,0,0,0
"15301932",59.23,1,3,10,0,1,"142,569",31.08,1,1400,1,1,0,0,0,0,0,3,0,0,0,68,3,1,4,29,116.55,60,56,60,0,9.07,0.11,0,0.16,0.67,6.94,21.94,17.77,4.17,0,0,2009,0,1,0
"83093176",54.72,0,2,5,0,1,"142,578",2.65,1,1400,1,1,0,0,0,0,0,3,0,0,0,83,2,1,10,42,129.5,60,59,60,0,10.3,0.06,0.01,1.02,0.52,6.97,25.61,6.43,19.18,0,0,2007,0,0,0
"47151076",35.92,1,1,12,0,1,"142,929",1.54,1,1200,1,0,0,0,0,0,0,0,0,0,0,56,4,3,14,19,109.15,60,59,59,1,5.7,0.11,0.01,0.73,0.09,1.36,19.65,15.26,4.39,0.01,0,1999,0,0,0
"87880565",77.94,1,6,4,0,5,"145,875",57.13,1,2500,1,1,0,0,0,0,0,4,3,0,0,38,1,0,4,6,99.9,49,37,41,0,4.98,0.04,0,0.17,0.15,4.05,14.91,13.21,1.7,0,0,2005,0,0,1
"81869623",51.07,0,3,3,0,7,"146,85",34.18,1,1600,1,1,0,0,0,0,0,2,0,0,0,54,1,1,33,1,101.75,60,60,60,0,9.91,0.04,0.02,1.74,0.01,0.82,30.96,26.21,4.75,0,0,2001,0,0,0
"35873181",49.8,1,0,7,0,3,"149,961",27.18,1,1800,1,1,0,0,0,0,0,3,0,0,0,40,8,5,8,4,123.95,59,59,59,0,7.18,0.07,0.04,0.97,0.05,2.94,23.34,11.96,11.38,0,0,1995,0,0,0
"52857780",83.65,1,0,19,0,2,"152,697",11.82,1,1000,1,1,0,0,0,0,0,4,0,4,0,91,3,1,42,2,129.5,60,0,60,1,17.84,0.27,0.01,3.21,0.09,9.71,41.75,0,41.75,0.01,0,2008,1,0,0
"25061541",44.75,1,0,6,0,4,"154,394",14.24,1,1500,1,1,0,0,0,0,0,3,0,0,0,57,60,2,20,1,122.1,60,58,60,0,5.08,0.37,0.03,1.64,0.01,1.25,21.81,11.12,10.69,0,0,1994,0,0,0
"79627712",47.83,1,2,7,0,4,"155,579",8.82,4,1400,1,1,0,0,0,0,0,4,0,0,0,73,1,5,11,27,118.4,60,60,60,0,5.72,0.01,0,1.1,0.23,3.93,20.89,17.81,3.08,0,0,2000,0,0,0
"68028358",33.36,0,1,0,0,9,"158,591",11.08,1,1500,1,1,0,0,0,0,0,3,0,0,0,29,3,3,0,1,92.5,51,45,30,0,6.07,0.32,0.63,0,0.02,1.57,19.44,17.9,1.54,0,0,2000,0,0,0
"43212754",44.33,0,2,20,0,3,"161,878",38.34,1,1800,1,2,0,0,0,0,0,10,10,0,0,31,1,0,2,7,118.4,40,40,19,0,8.95,0.26,0,0.16,0.37,6.23,23.95,22.26,1.68,0,1,2000,0,0,0
"35248788",56.97,0,1,4,0,12,"162,228",9.52,1,1300,1,1,0,0,0,0,0,3,3,0,0,14,9,1,0,1,98.05,49,49,0,0,3.79,0.24,0,0,0,0.11,15.99,15.99,0,0,0,1996,0,0,0
"91354203",57.47,0,0,3,0,6,"164,031",23.44,1,2500,1,1,0,0,0,0,0,6,6,0,0,18,1,0,2,0,0,43,43,0,0,5.22,0.17,0,0.17,0,0,18,18,0,0,0,1997,0,0,0
"19903378",52.06,0,1,3,0,10,"164,547",14.22,1,1800,1,0,0,0,0,0,0,0,0,0,0,14,3,0,2,0,0,31,31,23,1,4.81,0.15,0,0.34,0,0,15.18,14.35,0.82,0.01,0,1996,0,1,0
"46118959",44.06,1,2,10,0,3,"168,229",2.23,1,1300,1,1,0,0,0,0,0,3,0,0,0,61,3,1,20,6,127.65,57,57,57,0,6.31,0.05,0,0.57,0.04,3.65,19.54,18.75,0.79,0,0,2000,1,0,0
"56609752",27.4,1,0,1,0,1,"171,472",2.25,1,1000,1,1,0,0,0,0,0,4,0,0,0,131,23,0,30,4,120.25,56,40,52,1,11.1,1.26,0,0.63,0.25,17.82,21.92,12.69,9.23,0.01,0,2000,1,0,1
"93980695",51.46,1,1,21,0,2,"171,755",1.95,2,1800,1,1,0,0,0,0,0,3,0,0,0,38,3,1,0,1,112.85,59,49,59,0,5.99,0.12,0,0,0.03,2.87,17.86,10.45,7.41,0,0,1998,0,1,0
"20088280",39.08,1,0,10,0,2,"173,71",7.39,1,1300,1,0,0,0,0,0,0,0,0,0,0,42,1,0,11,46,107.3,60,0,60,1,6.3,0.08,0,0.86,0.58,2.22,20.68,0,20.68,0,0,1999,0,0,0
"14730512",27.62,1,0,23,0,1,"176,52",1.02,1,1800,1,0,0,0,0,0,0,0,0,0,0,37,40,5,12,4,118.4,60,57,55,2,6.57,2.99,0.1,2.34,0.1,5.3,24.4,23.02,1.38,0.04,0,1997,0,1,0
"34054226",70.93,0,5,20,0,11,"180",3.21,5,1300,1,1,0,0,0,0,0,6,6,0,0,13,1,0,0,1,90.65,44,44,0,0,4.7,0.1,0,0,0.05,4.53,17.65,17.65,0,0,0,1997,0,0,0
"25617424",31.33,0,1,12,0,3,"182,267",1.36,1,1300,1,1,0,0,0,0,0,4,0,0,0,31,1,0,0,1,98.05,57,47,43,0,5.45,0.09,0,0,0.03,2.59,19.13,17.25,1.88,0,0,1997,0,0,0
"48707156",72.43,1,2,7,0,2,"183,6",14.73,1,1800,1,1,0,0,0,0,0,3,0,0,0,37,3,3,10,1,112.85,57,57,44,0,5.52,0.2,0.01,0.31,0.01,0.81,21.18,21.07,0.11,0,0,1996,0,0,0
"27596325",55.1,0,2,3,0,3,"189,501",12.7,1,2500,1,0,0,0,0,0,0,0,0,0,0,16,20,21,8,0,0,55,55,0,2,5.05,1.68,5.34,1.49,0,0,21.56,21.56,0,0.05,0,1993,0,0,0
"13375267",55.31,1,0,7,0,8,"189,685",3.24,4,4000,1,1,0,0,0,0,0,4,4,0,0,14,2,0,0,0,0,45,45,8,0,4.56,0.15,0,0,0,0,17.25,16.94,0.32,0,2,1999,0,0,1
"95935540",65.43,1,3,3,0,11,"197,234",36.42,1,2600,1,0,0,0,0,0,0,0,0,0,0,38,8,1,12,36,111,60,54,60,1,6.14,1.01,0,1.53,0.22,1.79,22.17,2.55,19.62,0,2,1997,0,0,0
"27140625",49.07,0,0,12,0,10,"210",26.22,1,1800,1,1,0,0,0,0,0,5,0,0,0,22,13,0,0,2,96.2,43,43,21,0,6.37,2,0,0,0.15,11.28,18.35,16.06,2.29,0,0,1995,0,0,0
"8590457",49.18,1,6,0,0,2,"211,98",1.2,1,1300,1,1,0,0,0,0,0,1,0,0,0,45,2,1,16,3,109.15,59,57,58,1,6.44,0.04,0,0.09,0.01,1.01,21.65,19.14,2.51,0,0,1997,1,0,0
"45184685",25.6,1,0,7,0,2,"214,589",4.42,1,2500,1,1,0,0,0,0,0,3,0,0,0,86,3,1,0,32,118.4,59,44,59,0,12.5,0.28,0.01,0,0.72,10.51,24.81,13.45,11.36,0,0,2007,0,0,0
"55231546",58,1,2,7,0,4,"215,526",36.17,1,1800,1,1,0,0,0,0,0,7,5,0,0,18,6,12,2,1,94.35,52,52,11,0,7.55,0.72,2.9,0.14,0.07,6.44,25.03,24.34,0.69,0,0,1985,0,0,0
"17353665",51.92,0,4,7,0,9,"219,834",21.15,1,1600,1,1,0,0,0,0,0,4,0,0,0,31,1,1,0,4,116.55,58,58,57,1,5.87,0.06,0.01,0,0.06,4.88,20.24,19.76,0.48,0.02,1,1993,0,0,0
"504118",30.57,1,0,10,0,1,"220",19.14,1,2600,1,1,0,0,0,0,0,6,6,0,0,21,2,0,8,5,127.65,37,37,10,0,7.38,0.44,0,0.87,0.31,19.68,20.02,19.76,0.25,0,2,1994,0,0,0
"7122504",57.47,0,1,4,0,2,"225,485",11.52,1,1200,1,0,0,0,0,0,0,0,0,0,0,50,6,1,16,13,123.95,60,57,60,1,7.83,0.2,0,0.12,0.03,1.75,23.16,22.01,1.15,0.01,0,2007,0,0,0
"14676637",38.99,0,0,4,0,2,"235,289",7.6,1,1000,1,1,0,0,0,0,0,2,0,0,0,29,7,7,14,5,111,60,60,37,1,6.03,0.21,0.01,1.7,0.02,1.01,21.33,21.09,0.24,0,0,2007,0,0,0
"46007550",60.81,0,2,10,0,4,"240",3.21,5,1800,2,1,0,0,0,0,0,3,0,0,0,49,12,15,7,5,125.8,60,50,60,1,4.54,1.11,0.77,0.28,0.01,0.51,18.99,10.88,8.11,0,2,1993,0,0,0
"95100650",39.02,1,0,7,0,2,"245,869",7.76,1,2500,1,0,0,0,0,0,0,0,0,0,0,66,3,5,12,19,103.6,60,60,60,1,5.76,0.03,0.01,0.95,0.06,0.94,23.03,22.03,1,0,0,2007,0,0,0
"74267242",64.41,0,2,3,0,6,"245,877",0.08,1,1800,1,2,0,0,0,0,0,9,9,0,0,13,0,0,7,0,0,40,40,7,0,4.47,0,0,2.05,0,0,18.79,18.37,0.42,0,0,2005,1,0,0
"16214727",47.49,1,2,19,0,3,"253,245",2.6,1,1600,1,1,0,0,0,0,0,3,0,0,0,70,4,0,23,7,123.95,60,54,60,1,7,0.08,0,1.29,0.06,4.2,20.91,15.53,5.39,0,0,2006,0,0,0
"45730416",42.75,0,1,12,0,3,"253,564",2.82,1,1400,1,0,0,0,0,0,0,0,0,0,0,40,2,1,13,4,123.95,59,59,54,1,6.86,0.02,0,0.91,0.04,3.93,19.94,13.24,6.7,0,0,2006,0,2,0
"32860626",24.56,1,0,10,0,2,"253,654",1.84,4,1600,1,1,0,0,0,0,0,4,0,4,0,34,44,1,3,1,101.75,58,0,58,1,5.42,4.91,0.02,0.08,0.03,3.44,22.47,0,22.47,0.02,0,2006,0,1,0
"28334999",50.39,1,2,12,0,3,"254,568",0.7,1,2500,1,0,0,0,0,0,0,0,0,0,0,44,2,1,8,1,109.15,60,60,52,1,6.1,0.04,0,1.09,0,0.19,24.14,23.37,0.77,0,0,1996,1,0,0
"88306054",39.27,1,2,3,0,3,"254,568",0.71,1,2000,1,0,0,0,0,0,0,0,0,0,0,46,4,1,35,2,120.25,60,60,60,1,8.34,0.1,0,2.59,0.02,2.01,32.91,28.95,3.97,0,0,2005,0,0,0
"45319525",60.27,0,1,7,0,2,"254,789",3.22,5,1800,2,1,0,0,0,0,0,5,0,0,0,19,10,6,20,1,90.65,50,32,50,0,5.39,0.18,0.05,0.85,0.01,0.76,18.3,1.92,16.39,0,0,1996,0,0,0
"47510936",40.65,1,2,12,0,2,"254,875",21.86,1,2500,1,0,0,0,0,0,0,0,0,0,0,77,3,1,12,36,127.65,60,60,60,1,6.78,0.06,0,1.48,0.17,2.78,22.92,21.17,1.75,0,0,2006,0,0,0
"63568271",71.4,1,3,10,0,8,"254,891",22.21,1,1600,1,2,0,0,0,0,0,6,6,0,0,14,0,0,2,1,96.2,39,39,0,0,4.63,0,0,0.16,0.13,11.79,14.41,14.41,0,0,0,2001,0,0,0
"56821788",28.24,0,0,15,0,2,"255,689",0.72,1,1800,1,1,0,0,0,0,0,4,0,0,0,43,1,1,31,4,107.3,60,60,60,1,8.01,0.01,0.01,2.41,0.11,6.68,22.52,21.76,0.75,0,0,2009,2,0,0
"46429234",49.74,1,3,10,0,1,"256,42",17.84,1,1400,1,1,0,0,0,0,0,2,0,0,0,78,5,19,29,39,129.5,60,60,57,1,7.37,0.3,2.73,0.93,0.09,4.8,24.06,23.65,0.42,0,0,2007,0,0,0
"32735156",45.52,1,1,7,0,3,"256,898",0.73,1,1800,1,1,0,0,0,0,0,2,0,0,0,43,3,1,11,12,112.85,60,60,59,1,6.35,0.05,0.01,1.79,0.02,0.76,24.21,23.14,1.07,0,0,2008,0,0,0
"15332774",24.38,1,0,10,0,2,"256,986",0.72,4,1800,1,1,0,0,0,0,0,2,0,0,0,49,5,4,22,10,122.1,60,60,60,1,6.21,0.05,0.01,2.11,0.14,6.76,21.55,19.72,1.83,0,0,2009,1,1,0
"52402341",43.06,1,1,4,0,1,"258,956",3.19,7,1800,1,1,0,0,0,0,0,4,0,4,0,78,1,7,10,33,101.75,60,0,60,0,6.89,0.01,0.01,1.2,0.17,1.59,21.74,0,21.74,0,0,2008,0,0,0
"88904501",53.35,0,2,6,0,1,"258,965",3.19,5,2500,1,1,0,0,0,0,0,7,4,0,0,13,2,0,0,1,109.15,33,33,4,0,5.65,0.33,0,0,0.14,14.07,18.02,17.86,0.16,0,0,2005,0,0,0
"34733976",77.36,0,2,22,0,2,"277,563",48.16,1,1800,1,1,0,0,0,0,0,8,8,0,0,9,2,7,0,0,0,35,35,0,0,3.75,0.25,2.5,0,0,0,18.58,18.58,0,0,0,1981,0,0,0
"60281056",2.05,0,0,12,1,1,"323,546",2.05,1,2500,1,2,0,0,0,0,0,8,0,0,0,22,0,0,5,3,96.2,48,24,37,0,8.28,0,0,1.12,0.28,11.32,20.64,3.84,16.8,0,0,2008,1,1,0
"30133426",48.88,1,3,8,0,8,"356,712",12.6,1,1800,1,0,0,0,0,0,0,0,0,0,0,47,9,2,14,44,120.25,60,60,57,1,8.48,0.61,0.01,1.8,0.25,2.46,24.53,22.37,2.16,0,0,2001,1,0,0
"23898274",40.4,1,1,20,0,7,"359,433",2.34,1,1800,1,1,0,0,0,0,0,3,0,0,0,38,16,1,0,0,0,60,4,60,0,5.52,0.96,0.01,0,0,0,20.73,0.01,20.72,0,0,1999,0,0,0
"58470900",40.49,0,0,12,0,7,"442,545",11.74,1,1400,1,0,0,0,0,0,0,0,0,0,0,38,6,2,10,4,99.9,60,6,60,1,8.74,0.18,0.05,1,0.09,3.64,21.24,0.06,21.18,0.01,0,2002,1,0,0
"3916460",62.11,0,2,5,0,3,"452,648",20.08,1,1400,1,1,0,0,0,0,0,0,0,0,0,93,2,1,27,15,120.25,58,5,58,0,5.86,0.07,0,0.1,0.22,3.79,19.99,0,19.99,0,0,2005,0,0,0
"22063769",33.37,1,0,19,0,2,"453,455",10.35,1,1600,1,0,0,0,0,0,0,0,0,0,0,45,2,0,6,13,101.75,57,32,57,1,7.47,0.12,0,0.44,0.39,8.03,17.4,1.95,15.45,0.02,0,2003,0,0,0
"27133547",52.85,0,3,15,0,4,"470,101",14.81,1,1400,1,1,0,0,0,0,0,2,0,0,0,24,2,1,15,0,0,59,58,32,0,4.14,0.08,0,1.33,0,0,19.48,19.23,0.26,0,0,2003,0,0,0
"85740121",39.52,1,3,0,0,2,NA,24.66,1,1800,1,1,0,0,0,0,0,2,0,0,0,71,19,1,12,28,125.8,59,58,59,0,11.03,1.01,0.01,0.29,0.9,14.85,24.61,8.63,15.98,0,2,2008,0,0,0
"96408245",34.44,1,0,3,0,0,NA,13.58,1,2000,1,1,0,0,0,0,0,3,0,0,0,37,4,1,62,10,127.65,60,7,60,0,7.11,0.12,0,7.11,0.42,34.3,21.46,0.01,21.45,0,2,2005,0,0,0
"27283037",32.65,0,0,20,0,3,NA,12.62,1,2500,1,0,0,0,0,0,0,0,0,0,0,30,2,0,9,3,99.9,60,60,59,1,4.59,0.13,0,1,0,0.14,18.26,17.55,0.71,0,0,2007,0,0,0
"64179630",65.41,1,1,11,1,8,NA,45.39,1,1500,1,0,0,0,0,0,0,0,0,0,0,43,2,1,28,4,118.4,60,60,60,1,13.88,0.03,0.01,1.73,0.01,0.67,46.76,43.67,3.09,0,0,2003,0,0,0
"20165594",44.15,1,0,0,0,6,NA,23.71,1,1800,1,1,0,0,0,0,0,3,0,3,0,79,11,9,35,58,129.5,60,0,60,0,12.25,0.16,0.04,1.64,6.84,26.45,24.46,0,24.46,0,0,1992,0,0,0
"3894031",56.19,0,3,3,0,7,NA,15.07,1,1400,1,1,0,0,0,0,0,0,0,0,0,54,3,1,6,14,129.5,58,46,58,0,18.81,0.14,0.03,0.46,3.01,41.16,28.46,13.86,14.6,0,0,2002,0,1,0
"11129958",34.94,0,1,10,0,4,NA,17.78,1,2500,2,0,0,0,0,0,0,0,0,0,0,73,18,5,14,56,118.4,60,56,60,1,8.06,0.09,0.01,1.34,1.25,6.97,18.02,11.99,6.03,0,0,2003,0,0,0
"38836412",50.5,1,1,7,0,16,NA,2.96,3,1800,1,1,0,0,0,0,0,3,0,0,0,37,6,0,8,1,114.7,52,51,33,0,8.34,0.68,0,0.96,0.04,3.7,23.35,20.96,2.39,0,0,1990,0,0,0
"35090787",26.16,0,1,21,0,1,NA,22.16,1,1000,1,0,0,0,0,0,0,0,0,0,0,59,10,6,11,48,112.85,60,0,60,2,8.03,0.52,0.03,1.07,0.26,0.83,24.16,0,24.16,0.01,0,2007,0,0,0
"97805164",61.29,1,1,6,0,1,NA,11.89,1,2000,1,1,0,0,0,0,0,4,0,0,0,66,3,1,7,22,111,60,60,59,0,8.77,0.33,0.02,0.48,0.39,4.76,22.92,13.73,9.19,0,0,2008,0,0,1
"60825537",45.21,0,2,11,0,1,NA,25.9,1,2500,1,0,0,0,0,0,0,0,0,0,0,59,82,17,8,19,129.5,58,51,58,1,8.02,2.21,1.58,0.15,0.41,15.38,21.1,6.56,14.54,0.01,0,2007,0,0,1
"20821962",33.68,1,0,10,0,1,NA,12.5,1,2500,1,0,0,0,0,0,0,0,0,0,0,81,20,3,18,29,127.65,60,60,60,2,6.35,0.77,0,0.76,0.18,6.02,19.89,4.64,15.25,0,0,2006,0,0,0
"10153331",40.43,0,1,18,0,2,NA,19.41,1,1400,1,1,0,0,0,0,0,3,0,0,0,63,1,1,7,11,112.85,60,60,57,0,5.19,0.01,0,1,0.03,0.62,20.16,18.25,1.92,0,0,2007,0,0,0
"4025641",84.34,1,3,10,0,14,NA,30.41,1,1500,1,0,0,0,0,0,0,0,0,0,0,28,10,0,3,4,105.45,56,56,40,1,5.77,0.37,0,0.12,0.03,2.14,18.29,16.34,1.95,0.01,0,1995,0,0,0
"87642998",26.09,1,0,4,0,1,NA,20.09,1,2500,1,0,0,0,0,0,0,0,0,0,0,82,1,1,10,14,127.65,60,60,60,1,6.3,0.05,0,0.99,0.12,4.34,22.54,21.58,0.96,0,0,2008,0,0,0
"45831437",39.26,0,2,11,0,2,NA,22.04,1,1600,1,1,0,0,0,0,0,6,0,6,0,26,5,0,2,7,99.9,44,0,44,0,7.57,0.71,0,0.29,0.57,9.43,18.14,0,18.14,0,0,2007,0,0,0
"58903780",38.85,1,1,10,0,1,NA,6.4,1,2500,1,1,0,0,0,0,0,2,0,0,0,82,3,0,16,44,122.1,60,60,60,0,9.52,0.06,0,1.32,0.92,8.26,24.92,19.89,5.04,0,0,2004,0,0,0
"577237",36.36,0,0,12,0,1,NA,8.6,1,1400,1,0,0,0,0,0,0,0,0,0,0,59,4,5,26,28,118.4,59,59,49,2,10.02,0.07,0.01,2.19,1.13,30.49,23.78,18.14,5.63,0,0,2007,0,0,0
"42067401",44.55,1,2,10,0,3,NA,10.92,1,1400,1,1,0,0,0,0,0,3,0,0,0,135,4,0,0,24,125.8,60,56,60,1,10.32,0.19,0,0,0.55,13.91,23.61,17.46,6.15,0,0,2006,0,0,0
"42604774",43.07,0,0,10,0,2,NA,8.35,1,2500,1,1,0,0,0,0,0,2,0,0,0,56,3,0,0,1,122.1,56,52,48,1,6.24,0.16,0,0,0.01,0.94,20.09,18.49,1.6,0,0,2006,0,0,0
"27127295",46.78,0,1,16,0,2,NA,7.67,1,2500,1,0,0,0,0,0,0,0,0,0,0,51,2,2,11,19,122.1,60,59,60,1,6.03,0.11,0,1.33,0.2,4.97,21.58,19.91,1.67,0,0,2005,0,0,0
"59232259",37.44,1,0,0,0,2,NA,15.42,1,2500,1,0,0,0,0,0,0,0,0,0,0,62,3,1,0,9,129.5,60,60,49,1,6.95,0.14,0,0,0.12,9.42,18.46,18,0.46,0.01,0,2007,0,0,0
"15984506",56.93,1,3,12,0,1,NA,11.76,1,2200,1,1,0,0,0,0,0,4,2,0,0,22,15,14,0,1,129.5,50,50,11,0,8.45,2.13,2.64,0,0.04,3.92,24.19,23.16,1.03,0,1,2002,0,0,0
"84960247",40.75,1,3,18,0,3,NA,0.34,1,1800,5,0,0,0,0,0,0,0,0,0,0,20,12,1,8,2,101.75,60,60,29,1,5.3,0.17,0.01,1.26,0.06,5.56,20.22,18.79,1.43,0,0,2004,0,0,1
"77918171",52.58,0,2,4,0,4,NA,23.99,1,2500,1,0,0,0,0,0,0,0,0,0,0,86,5,1,35,47,118.4,60,60,60,1,5.85,0.09,0,1.2,0.11,1.33,21.89,20.11,1.78,0,0,2005,0,1,0
"43778161",45.61,0,0,3,0,2,NA,17.59,1,1000,1,1,0,0,0,0,0,4,4,0,0,10,7,11,0,0,0,27,27,0,0,4.06,0.53,3.27,0,0,0,12.81,12.81,0,0,0,1993,0,0,0
"13297936",2.07,1,2,3,0,2,NA,2.07,1,1400,1,0,0,0,0,0,0,0,0,0,0,66,3,1,0,12,123.95,58,46,58,1,6.64,0.18,0,0,0.07,1.72,19.23,18.49,0.74,0,0,2005,1,0,0
"49591754",31.89,1,1,10,0,1,NA,18.35,1,1800,1,0,0,0,0,0,0,0,0,0,0,85,8,8,22,43,125.8,60,60,60,2,14.51,0.23,0.03,2.35,2.7,31.82,27.67,15.74,11.93,0,0,2000,1,0,0
"56100643",65.82,1,4,8,0,7,NA,38.52,1,1800,1,0,0,0,0,0,0,0,0,0,0,41,2,1,9,36,120.25,60,0,60,1,5.29,0.07,0,0.6,1.38,5.66,21.13,0,21.13,0,0,2002,0,0,0
"11745253",27.44,0,1,7,0,2,NA,4.67,1,2500,1,0,0,0,0,0,0,0,0,0,0,43,25,1,22,3,109.15,60,59,42,1,6.18,0.15,0,1.22,0.01,0.45,19.16,18.12,1.05,0,0,2007,0,0,0
"98643641",48.67,0,2,4,1,2,NA,2.4,1,1000,1,0,0,0,0,0,0,0,0,0,0,47,8,1,0,7,114.7,60,0,60,2,11.09,0.45,0,0,0.08,4.78,26.97,0,26.97,0.01,0,2007,0,0,0
"56832064",21.99,1,2,8,0,2,NA,21.33,1,1300,1,1,0,0,0,0,0,5,0,0,0,26,3,1,0,0,0,53,53,23,0,7.2,0.24,0,0,0,0,19.8,19.66,0.15,0,0,2002,0,0,0
"79126331",51.93,0,3,18,0,5,NA,13.44,1,2400,1,1,0,0,0,0,0,6,0,0,0,36,1,1,10,4,114.7,44,41,25,0,10,0.06,0.02,1.54,0.42,23.35,20.2,11.96,8.24,0,1,1998,2,0,0
"40415129",15.12,1,0,10,0,13,NA,1.38,1,4500,1,1,0,0,0,0,0,2,0,0,0,47,0,1,14,4,111,60,18,60,0,6.19,0,0,1.25,0.02,1.27,27.45,0.03,27.41,0,2,1999,0,0,0
"72419083",61.83,1,3,0,0,2,NA,2.28,1,4000,1,1,0,0,0,0,0,5,5,0,0,21,10,1,4,1,114.7,46,46,11,0,5.83,1.28,0.09,1.11,0.04,4.76,17.64,17.02,0.62,0,2,2003,0,0,0
"91525612",52.91,1,2,10,0,2,NA,21.72,1,2500,1,0,0,0,0,0,0,0,0,0,0,42,44,7,9,11,122.1,51,44,41,1,7.84,7.4,1.44,0.37,0.52,9.74,19.03,16.93,2.1,0.05,0,2007,0,0,0
"11068449",58.76,0,2,7,0,4,NA,21.98,1,2500,1,1,0,0,0,0,0,5,0,0,0,28,7,6,3,9,129.5,51,47,34,0,10.83,0.5,0.67,0.17,0.67,21.49,23.37,15.21,8.17,0,0,2004,0,0,0
"79831976",49.4,1,2,10,0,2,NA,7.79,1,2500,1,0,0,0,0,0,0,0,0,0,0,70,52,14,10,29,129.5,60,60,59,1,11,1.61,2.26,0.3,0.96,26.13,25.54,15.48,10.05,0,0,2007,0,0,0
"52442278",82.81,1,4,10,0,1,NA,25.59,1,5400,1,0,0,0,0,0,0,0,0,0,0,19,11,4,7,1,90.65,59,59,59,1,4.45,0.03,0.06,0.51,0,0.14,19.44,14.97,4.47,0,2,2009,0,0,1
"40809652",46.87,1,1,1,0,13,NA,16.91,1,2500,1,1,0,0,0,0,0,2,2,0,0,14,17,0,10,1,101.75,33,33,0,0,4.28,2.27,0,0.81,0.01,1.07,15.36,15.36,0,0,2,1995,1,0,0
"86038652",56.09,0,2,12,0,4,NA,13.85,1,1200,1,0,0,0,0,0,0,0,0,0,0,45,6,1,20,10,122.1,60,59,60,1,6.96,0.28,0.01,1.91,0.13,4.71,22.56,19.59,2.97,0.01,0,2006,0,1,0
"80355353",48.42,0,0,12,0,9,NA,25.42,1,2000,1,1,0,0,0,0,0,4,0,0,0,24,1,0,0,1,127.65,51,33,48,0,7.16,0.03,0,0,0.03,3.94,17.9,14.31,3.59,0,0,1999,0,0,1
"43184833",46.1,0,1,18,0,2,NA,7.65,1,1300,1,1,0,0,0,0,0,4,0,0,0,25,5,1,5,0,0,57,56,12,0,6.01,0.25,0,0.04,0,0,23.04,22.91,0.13,0,0,2002,0,0,0
"80786094",53.38,0,4,9,0,2,NA,25.44,1,2500,1,0,0,0,0,0,0,0,0,0,0,38,1,1,0,0,0,48,7,48,1,2.61,0.04,0.01,0,0,0,11.97,0.05,11.92,0.01,0,2007,0,1,0
"87568396",34.67,1,0,10,0,12,NA,13.67,1,1800,1,1,0,0,0,0,0,3,0,0,0,21,4,0,0,0,0,36,36,20,0,5.59,0.88,0,0,0,0,15.91,13.19,2.72,0,0,1992,0,0,0
